"label","count","ID"
"Hassel JC",23,"Hassel JC"
"Schadendorf D",18,"Schadendorf D"
"Gutzmer R",15,"Gutzmer R"
"Jaeger D",13,"Jaeger D"
"Schilling B",10,"Schilling B"
"Loquai C",9,"Loquai C"
"Schirmacher P",9,"Schirmacher P"
"Zimmer L",9,"Zimmer L"
"Berking C",8,"Berking C"
"Cebon J",8,"Cebon J"
"Stenzinger A",8,"Stenzinger A"
"Meier F",7,"Meier F"
"Weichert W",7,"Weichert W"
"Wick W",7,"Wick W"
"Behren A",6,"Behren A"
"Budczies J",6,"Budczies J"
"Ehemann V",6,"Ehemann V"
"Enk A",6,"Enk A"
"Fokas E",6,"Fokas E"
"Fröhling S",6,"Fröhling S"
"Hauschild A",6,"Hauschild A"
"Heinzerling L",6,"Heinzerling L"
"Livingstone E",6,"Livingstone E"
"Platten M",6,"Platten M"
"Preusser M",6,"Preusser M"
"Roesch A",6,"Roesch A"
"Scott AM",6,"Scott AM"
"Ugurel S",6,"Ugurel S"
"Utikal J",6,"Utikal J"
"Balermpas P",5,"Balermpas P"
"Beckhove P",5,"Beckhove P"
"Bender C",5,"Bender C"
"Berghoff AS",5,"Berghoff AS"
"Dummer R",5,"Dummer R"
"Efferth T",5,"Efferth T"
"Garbe C",5,"Garbe C"
"Göppner D",5,"Göppner D"
"Grob JJ",5,"Grob JJ"
"Halama N",5,"Halama N"
"Heppt MV",5,"Heppt MV"
"Hodi FS",5,"Hodi FS"
"Hofmann TG",5,"Hofmann TG"
"Kähler KC",5,"Kähler KC"
"Lee FT",5,"Lee FT"
"Maio M",5,"Maio M"
"Martin D",5,"Martin D"
"Rödel C",5,"Rödel C"
"Umansky V",5,"Umansky V"
"Weide B",5,"Weide B"
"Woods K",5,"Woods K"
"Abdel-Rahman O",4,"Abdel-Rahman O"
"Ascierto PA",4,"Ascierto PA"
"Benner A",4,"Benner A"
"Buder-Bakhaya K",4,"Buder-Bakhaya K"
"Cheng X",4,"Cheng X"
"Denkert C",4,"Denkert C"
"Dimitrakopoulou-Strauss A",4,"Dimitrakopoulou-Strauss A"
"Eigentler TK",4,"Eigentler TK"
"Endris V",4,"Endris V"
"Falk S",4,"Falk S"
"Forschner A",4,"Forschner A"
"Gebhardt C",4,"Gebhardt C"
"Giryes A",4,"Giryes A"
"Glimm H",4,"Glimm H"
"Helbling D",4,"Helbling D"
"John T",4,"John T"
"Karn T",4,"Karn T"
"Kayser K",4,"Kayser K"
"Kirchner T",4,"Kirchner T"
"Kloor M",4,"Kloor M"
"Lasitschka F",4,"Lasitschka F"
"Lebbé C",4,"Lebbé C"
"Leverkus M",4,"Leverkus M"
"Marx A",4,"Marx A"
"Mehrabi A",4,"Mehrabi A"
"Meissner M",4,"Meissner M"
"O'Keefe GJ",4,"O'Keefe GJ"
"Offringa R",4,"Offringa R"
"Oweira H",4,"Oweira H"
"Paz-Ares L",4,"Paz-Ares L"
"Penzel R",4,"Penzel R"
"Petrausch U",4,"Petrausch U"
"Pusztai L",4,"Pusztai L"
"Reck M",4,"Reck M"
"Rigopoulos A",4,"Rigopoulos A"
"Rödel F",4,"Rödel F"
"Schirrmacher V",4,"Schirrmacher V"
"Schmidt J",4,"Schmidt J"
"Schneeweiss A",4,"Schneeweiss A"
"Schöb O",4,"Schöb O"
"Steins M",4,"Steins M"
"Subklewe M",4,"Subklewe M"
"Thapa B",4,"Thapa B"
"Tietze JK",4,"Tietze JK"
"Trojan J",4,"Trojan J"
"Westermann F",4,"Westermann F"
"Wolchok JD",4,"Wolchok JD"
"Altevogt P",3,"Altevogt P"
"Andrews MC",3,"Andrews MC"
"Beckmann MW",3,"Beckmann MW"
"Bergmann F",3,"Bergmann F"
"Bianchini G",3,"Bianchini G"
"Blaheta RA",3,"Blaheta RA"
"Boeck S",3,"Boeck S"
"Bunse L",3,"Bunse L"
"Callahan MK",3,"Callahan MK"
"Calvo E",3,"Calvo E"
"Carlino MS",3,"Carlino MS"
"Chan YC",3,"Chan YC"
"Chiarion-Sileni V",3,"Chiarion-Sileni V"
"Christie M",3,"Christie M"
"Cinatl J Jr",3,"Cinatl J Jr"
"Crinò L",3,"Crinò L"
"Debus J",3,"Debus J"
"Demaria S",3,"Demaria S"
"Dörk T",3,"Dörk T"
"Dreger P",3,"Dreger P"
"Eichmüller SB",3,"Eichmüller SB"
"Enk AH",3,"Enk AH"
"Felip E",3,"Felip E"
"Fischer M",3,"Fischer M"
"Franklin C",3,"Franklin C"
"Friess H",3,"Friess H"
"Gabius HJ",3,"Gabius HJ"
"Gan HK",3,"Gan HK"
"Gesierich A",3,"Gesierich A"
"Gilan O",3,"Gilan O"
"Gogolin S",3,"Gogolin S"
"Goldinger SM",3,"Goldinger SM"
"Gretz N",3,"Gretz N"
"Grüllich C",3,"Grüllich C"
"Grünwald V",3,"Grünwald V"
"Haferkamp A",3,"Haferkamp A"
"Hansmann ML",3,"Hansmann ML"
"Hansson J",3,"Hansson J"
"Hartmann A",3,"Hartmann A"
"Hartmann S",3,"Hartmann S"
"Heinemann V",3,"Heinemann V"
"Holgado E",3,"Holgado E"
"Horn L",3,"Horn L"
"Jiang T",3,"Jiang T"
"Juengel E",3,"Juengel E"
"Jung A",3,"Jung A"
"Keller U",3,"Keller U"
"Kirchberger MC",3,"Kirchberger MC"
"Klauschen F",3,"Klauschen F"
"Krackhardt AM",3,"Krackhardt AM"
"Krupka C",3,"Krupka C"
"Küppers R",3,"Küppers R"
"Larkin J",3,"Larkin J"
"Li-Weber M",3,"Li-Weber M"
"Lichtenegger FS",3,"Lichtenegger FS"
"Lichter P",3,"Lichter P"
"Long GV",3,"Long GV"
"Lorigan P",3,"Lorigan P"
"Lugo D",3,"Lugo D"
"Mannhart M",3,"Mannhart M"
"Miao D",3,"Miao D"
"Michaelis M",3,"Michaelis M"
"Mitchell P",3,"Mitchell P"
"Mohr P",3,"Mohr P"
"Nawroth PP",3,"Nawroth PP"
"Nettelbeck DM",3,"Nettelbeck DM"
"Niedermann G",3,"Niedermann G"
"Peifer M",3,"Peifer M"
"Pfarr N",3,"Pfarr N"
"Popanda O",3,"Popanda O"
"Poschke I",3,"Poschke I"
"Reardon DA",3,"Reardon DA"
"Rommelaere J",3,"Rommelaere J"
"Rutkowski P",3,"Rutkowski P"
"Savelyeva L",3,"Savelyeva L"
"Schmezer P",3,"Schmezer P"
"Schmitt A",3,"Schmitt A"
"Schmitt M",3,"Schmitt M"
"Schneider G",3,"Schneider G"
"Schramm A",3,"Schramm A"
"Shah M",3,"Shah M"
"Smylie M",3,"Smylie M"
"Sticht C",3,"Sticht C"
"Strobel O",3,"Strobel O"
"Stutte HJ",3,"Stutte HJ"
"Sucker A",3,"Sucker A"
"Tesch H",3,"Tesch H"
"Thomas M",3,"Thomas M"
"Tinhofer I",3,"Tinhofer I"
"Tommasino M",3,"Tommasino M"
"Trumpp A",3,"Trumpp A"
"Tsaur I",3,"Tsaur I"
"Van Allen EM",3,"Van Allen EM"
"Vokes EE",3,"Vokes EE"
"von Deimling A",3,"von Deimling A"
"von Kalle C",3,"von Kalle C"
"Walkiewicz M",3,"Walkiewicz M"
"Wang X",3,"Wang X"
"Weber JS",3,"Weber JS"
"Weller M",3,"Weller M"
"Wenz F",3,"Wenz F"
"Winkler JK",3,"Winkler JK"
"Wölfl S",3,"Wölfl S"
"Abdollahi A",2,"Abdollahi A"
"Aberle J",2,"Aberle J"
"Aittomäki K",2,"Aittomäki K"
"Allgayer H",2,"Allgayer H"
"Allory Y",2,"Allory Y"
"Althoff K",2,"Althoff K"
"André S",2,"André S"
"Anton-Culver H",2,"Anton-Culver H"
"Antonia SJ",2,"Antonia SJ"
"Arén Frontera O",2,"Arén Frontera O"
"Arrieta O",2,"Arrieta O"
"Arulananda S",2,"Arulananda S"
"Barlesi F",2,"Barlesi F"
"Bartsch G",2,"Bartsch G"
"Baumann M",2,"Baumann M"
"Becker C",2,"Becker C"
"Becker JC",2,"Becker JC"
"Becker S",2,"Becker S"
"Belka C",2,"Belka C"
"Bell CC",2,"Bell CC"
"Bell E",2,"Bell E"
"Bergmann L",2,"Bergmann L"
"Berriel Diaz M",2,"Berriel Diaz M"
"Bertin J",2,"Bertin J"
"Blank C",2,"Blank C"
"Blomqvist C",2,"Blomqvist C"
"Bockmayr M",2,"Bockmayr M"
"Bogdanova NV",2,"Bogdanova NV"
"Bojesen SE",2,"Bojesen SE"
"Bommer M",2,"Bommer M"
"Boutros M",2,"Boutros M"
"Bovin NV",2,"Bovin NV"
"Brahmer J",2,"Brahmer J"
"Brauch H",2,"Brauch H"
"Bräunlein E",2,"Bräunlein E"
"Breyer J",2,"Breyer J"
"Brkovic D",2,"Brkovic D"
"Brors B",2,"Brors B"
"Brownell I",2,"Brownell I"
"Brucker SY",2,"Brucker SY"
"Brueckner LM",2,"Brueckner LM"
"Brüne B",2,"Brüne B"
"Brunnberg U",2,"Brunnberg U"
"Buchholz CJ",2,"Buchholz CJ"
"Büchler MW",2,"Büchler MW"
"Budach V",2,"Budach V"
"Bunse T",2,"Bunse T"
"Burger M",2,"Burger M"
"Burgio MA",2,"Burgio MA"
"Büttner R",2,"Büttner R"
"Cannizzaro E",2,"Cannizzaro E"
"Chang-Claude J",2,"Chang-Claude J"
"Cowey CL",2,"Cowey CL"
"D'Angelo SP",2,"D'Angelo SP"
"Darcy PK",2,"Darcy PK"
"Dauth I",2,"Dauth I"
"Dietrich U",2,"Dietrich U"
"Doeberitz MVK",2,"Doeberitz MVK"
"Doll M",2,"Doll M"
"Domine M",2,"Domine M"
"Dooley S",2,"Dooley S"
"Döring C",2,"Döring C"
"Dreidax D",2,"Dreidax D"
"Dunning AM",2,"Dunning AM"
"Eckel R",2,"Eckel R"
"Eckstein M",2,"Eckstein M"
"Eggert A",2,"Eggert A"
"Eigentler T",2,"Eigentler T"
"Eisenhut M",2,"Eisenhut M"
"Engel J",2,"Engel J"
"Engeland CE",2,"Engeland CE"
"Erben P",2,"Erben P"
"Erlmeier F",2,"Erlmeier F"
"Estrada MV",2,"Estrada MV"
"Fasching PA",2,"Fasching PA"
"Fennell D",2,"Fennell D"
"Ferrucci PF",2,"Ferrucci PF"
"Figueroa J",2,"Figueroa J"
"Flaig MJ",2,"Flaig MJ"
"Fogel M",2,"Fogel M"
"Fong CY",2,"Fong CY"
"Friedrich M",2,"Friedrich M"
"Gaida MM",2,"Gaida MM"
"Gainor J",2,"Gainor J"
"Gaiser MR",2,"Gaiser MR"
"Gaiser T",2,"Gaiser T"
"Galluzzi L",2,"Galluzzi L"
"Garraway LA",2,"Garraway LA"
"Garton N",2,"Garton N"
"George J",2,"George J"
"Gern U",2,"Gern U"
"Geserick P",2,"Geserick P"
"Gevaert T",2,"Gevaert T"
"Giaisi M",2,"Giaisi M"
"Giese NA",2,"Giese NA"
"Giese T",2,"Giese T"
"Giordano FA",2,"Giordano FA"
"Goga A",2,"Goga A"
"Goidts V",2,"Goidts V"
"Gonzalez-Ericsson PI",2,"Gonzalez-Ericsson PI"
"Gonzalez R",2,"Gonzalez R"
"Gough PJ",2,"Gough PJ"
"Grabsch HI",2,"Grabsch HI"
"Greco D",2,"Greco D"
"Gröschel S",2,"Gröschel S"
"Guminski A",2,"Guminski A"
"Guo N",2,"Guo N"
"Gyorffy B",2,"Gyorffy B"
"Haag GM",2,"Haag GM"
"Haas M",2,"Haas M"
"Haberkorn U",2,"Haberkorn U"
"Hainfellner J",2,"Hainfellner J"
"Halatsch ME",2,"Halatsch ME"
"Hall P",2,"Hall P"
"Hamid O",2,"Hamid O"
"Hartkopf AD",2,"Hartkopf AD"
"Hatzis C",2,"Hatzis C"
"Hausmann M",2,"Hausmann M"
"Hegi ME",2,"Hegi ME"
"Heiskanen R",2,"Heiskanen R"
"Hemminki A",2,"Hemminki A"
"Henderson MA",2,"Henderson MA"
"Hendry S",2,"Hendry S"
"Herold-Mende C",2,"Herold-Mende C"
"Herpel E",2,"Herpel E"
"Herr W",2,"Herr W"
"Herskind C",2,"Herskind C"
"Herz S",2,"Herz S"
"Herzig S",2,"Herzig S"
"Hettich M",2,"Hettich M"
"Hill A",2,"Hill A"
"Hillen U",2,"Hillen U"
"Hinze D",2,"Hinze D"
"Ho AD",2,"Ho AD"
"Hoeller C",2,"Hoeller C"
"Höfer T",2,"Höfer T"
"Hoffmann JM",2,"Hoffmann JM"
"Hofmann L",2,"Hofmann L"
"Hofmann M",2,"Hofmann M"
"Hofmann WK",2,"Hofmann WK"
"Hogervorst F",2,"Hogervorst F"
"Hohenfellner M",2,"Hohenfellner M"
"Holtrich U",2,"Holtrich U"
"Hovestadt V",2,"Hovestadt V"
"Hrgovic I",2,"Hrgovic I"
"Huang Y",2,"Huang Y"
"Hummel M",2,"Hummel M"
"Hutter B",2,"Hutter B"
"Illert AL",2,"Illert AL"
"Jakubowska A",2,"Jakubowska A"
"Janikovits J",2,"Janikovits J"
"Jesenofsky R",2,"Jesenofsky R"
"Jiang H",2,"Jiang H"
"Jones A",2,"Jones A"
"Kaaks R",2,"Kaaks R"
"Kaehler KC",2,"Kaehler KC"
"Kaltner H",2,"Kaltner H"
"Kang TW",2,"Kang TW"
"Kather JN",2,"Kather JN"
"Kaufmann JK",2,"Kaufmann JK"
"Kaufmann R",2,"Kaufmann R"
"Keilholz U",2,"Keilholz U"
"Khushalani NI",2,"Khushalani NI"
"Kiecker F",2,"Kiecker F"
"Kiessling R",2,"Kiessling R"
"Kippenberger S",2,"Kippenberger S"
"Kirchgessner H",2,"Kirchgessner H"
"Kleeff J",2,"Kleeff J"
"Kleemann J",2,"Kleemann J"
"Köhler R",2,"Köhler R"
"Köhnke T",2,"Köhnke T"
"Krämer A",2,"Krämer A"
"Krammer PH",2,"Krammer PH"
"Krause M",2,"Krause M"
"Krüger A",2,"Krüger A"
"Kruger S",2,"Kruger S"
"Lam EYN",2,"Lam EYN"
"Lang N",2,"Lang N"
"Langer R",2,"Langer R"
"Lao CD",2,"Lao CD"
"Lee S",2,"Lee S"
"Leupold JH",2,"Leupold JH"
"Li J",2,"Li J"
"Lier A",2,"Lier A"
"Lin J",2,"Lin J"
"Liu Z",2,"Liu Z"
"Longerich T",2,"Longerich T"
"MacPherson L",2,"MacPherson L"
"Mandal C",2,"Mandal C"
"Manegold C",2,"Manegold C"
"Marchini A",2,"Marchini A"
"Marmé F",2,"Marmé F"
"Marquez-Rodas I",2,"Marquez-Rodas I"
"Martens A",2,"Martens A"
"Masucci GV",2,"Masucci GV"
"McArthur G",2,"McArthur G"
"Mechtersheimer G",2,"Mechtersheimer G"
"Melero I",2,"Melero I"
"Menzies AM",2,"Menzies AM"
"Meyer C",2,"Meyer C"
"Miller WH Jr",2,"Miller WH Jr"
"Milsch L",2,"Milsch L"
"Mirlach L",2,"Mirlach L"
"Moehler M",2,"Moehler M"
"Müller-Tidow C",2,"Müller-Tidow C"
"Müller M",2,"Müller M"
"Multhoff G",2,"Multhoff G"
"Muranen TA",2,"Muranen TA"
"Neeson PJ",2,"Neeson PJ"
"Nelson K",2,"Nelson K"
"Neumann J",2,"Neumann J"
"Neumann O",2,"Neumann O"
"Newrzela S",2,"Newrzela S"
"Neyns B",2,"Neyns B"
"Nilsson JA",2,"Nilsson JA"
"Nold-Petry CA",2,"Nold-Petry CA"
"Nold MF",2,"Nold MF"
"Nordestgaard BG",2,"Nordestgaard BG"
"Nuciforo P",2,"Nuciforo P"
"Nyström M",2,"Nyström M"
"Old LJ",2,"Old LJ"
"Ormanns S",2,"Ormanns S"
"Ott PA",2,"Ott PA"
"Otto W",2,"Otto W"
"Papotti M",2,"Papotti M"
"Parakh S",2,"Parakh S"
"Pérol M",2,"Pérol M"
"Peschel C",2,"Peschel C"
"Pesonen S",2,"Pesonen S"
"Peters S",2,"Peters S"
"Pinter A",2,"Pinter A"
"Plass C",2,"Plass C"
"Plinkert PK",2,"Plinkert PK"
"Podar K",2,"Podar K"
"Poddubskaya E",2,"Poddubskaya E"
"Pomer S",2,"Pomer S"
"Postow MA",2,"Postow MA"
"Pruneri G",2,"Pruneri G"
"Radlwimmer B",2,"Radlwimmer B"
"Rashid MU",2,"Rashid MU"
"Rausch T",2,"Rausch T"
"Ready N",2,"Ready N"
"Reinmuth N",2,"Reinmuth N"
"Reiter M",2,"Reiter M"
"Rengstl B",2,"Rengstl B"
"Ribas A",2,"Ribas A"
"Ringelhan M",2,"Ringelhan M"
"Robert C",2,"Robert C"
"Rocha M",2,"Rocha M"
"Rodewald HR",2,"Rodewald HR"
"Rody A",2,"Rody A"
"Rose AJ",2,"Rose AJ"
"Rothe M",2,"Rothe M"
"Rothweiler F",2,"Rothweiler F"
"Russell PA",2,"Russell PA"
"Rutz J",2,"Rutz J"
"Sachse MM",2,"Sachse MM"
"Safonov A",2,"Safonov A"
"Sahm F",2,"Sahm F"
"Salgado R",2,"Salgado R"
"Samstag Y",2,"Samstag Y"
"Sanders M",2,"Sanders M"
"Satzger I",2,"Satzger I"
"Schäd SG",2,"Schäd SG"
"Schalke B",2,"Schalke B"
"Schell B",2,"Schell B"
"Schirmbeck R",2,"Schirmbeck R"
"Schlaak M",2,"Schlaak M"
"Schmidgen MI",2,"Schmidgen MI"
"Schmidt H",2,"Schmidt H"
"Schmidt M",2,"Schmidt M"
"Schmidt U",2,"Schmidt U"
"Schott S",2,"Schott S"
"Schroeder T",2,"Schroeder T"
"Schubert-Fritschle G",2,"Schubert-Fritschle G"
"Schubert ML",2,"Schubert ML"
"Schuhmacher B",2,"Schuhmacher B"
"Schulte JH",2,"Schulte JH"
"Schwab M",2,"Schwab M"
"Seibert O",2,"Seibert O"
"Sellner L",2,"Sellner L"
"Shen J",2,"Shen J"
"Shukla SA",2,"Shukla SA"
"Sijmonsma TP",2,"Sijmonsma TP"
"Smyth FE",2,"Smyth FE"
"Solinas C",2,"Solinas C"
"Solomon B",2,"Solomon B"
"Sommerfeld A",2,"Sommerfeld A"
"Sosman JA",2,"Sosman JA"
"Springfeld C",2,"Springfeld C"
"Staehler G",2,"Staehler G"
"Stang A",2,"Stang A"
"Steiger K",2,"Steiger K"
"Stock S",2,"Stock S"
"Stoehr R",2,"Stoehr R"
"Stolzenburg S",2,"Stolzenburg S"
"Strebhardt K",2,"Strebhardt K"
"Stremmel W",2,"Stremmel W"
"Ströbel P",2,"Ströbel P"
"Svane IM",2,"Svane IM"
"Symmans F",2,"Symmans F"
"Sznol M",2,"Sznol M"
"Taran FA",2,"Taran FA"
"Terheyden P",2,"Terheyden P"
"Thomas I",2,"Thomas I"
"Thomas L",2,"Thomas L"
"Thomas RK",2,"Thomas RK"
"Tochon-Danguy H",2,"Tochon-Danguy H"
"Uhrig S",2,"Uhrig S"
"Umansky L",2,"Umansky L"
"Ungerechts G",2,"Ungerechts G"
"Unterberg A",2,"Unterberg A"
"Utikal JS",2,"Utikal JS"
"van de Vijver K",2,"van de Vijver K"
"van den Boorn-Konijnenberg D",2,"van den Boorn-Konijnenberg D"
"Van den Eynden GGGM",2,"Van den Eynden GGGM"
"Vingiani A",2,"Vingiani A"
"Volckmar AL",2,"Volckmar AL"
"von Knebel Doeberitz M",2,"von Knebel Doeberitz M"
"Vornanen M",2,"Vornanen M"
"Wabnitz GH",2,"Wabnitz GH"
"Wagstaff J",2,"Wagstaff J"
"Wahl R",2,"Wahl R"
"Wallwiener M",2,"Wallwiener M"
"Wang J",2,"Wang J"
"Wang L",2,"Wang L"
"Wang XF",2,"Wang XF"
"Ward A",2,"Ward A"
"Warmuth-Metz M",2,"Warmuth-Metz M"
"Warth A",2,"Warth A"
"Waterhouse D",2,"Waterhouse D"
"Weigert A",2,"Weigert A"
"Weishaupt C",2,"Weishaupt C"
"Westphalen CB",2,"Westphalen CB"
"Wick A",2,"Wick A"
"Wiese M",2,"Wiese M"
"Wirtz RM",2,"Wirtz RM"
"Witzens-Harig M",2,"Witzens-Harig M"
"Yang Y",2,"Yang Y"
"Ye F",2,"Ye F"
"Zapatka M",2,"Zapatka M"
"Zender L",2,"Zender L"
"Zörnig I",2,"Zörnig I"
"Zschäbitz S",2,"Zschäbitz S"
"Zucman-Rossi J",2,"Zucman-Rossi J"
"Abastado JP",1,"Abastado JP"
"Abba ML",1,"Abba ML"
"Abbasi R",1,"Abbasi R"
"Abdel-Rahman F",1,"Abdel-Rahman F"
"Abel U",1,"Abel U"
"Aben KK",1,"Aben KK"
"Abernethy A",1,"Abernethy A"
"Abu-Khalaf MM",1,"Abu-Khalaf MM"
"Abu-Odeh M",1,"Abu-Odeh M"
"Ackermann S",1,"Ackermann S"
"Ackermann U",1,"Ackermann U"
"Adam I",1,"Adam I"
"Adam R",1,"Adam R"
"Adank MA",1,"Adank MA"
"Adjei A",1,"Adjei A"
"Aerts JG",1,"Aerts JG"
"Afanasyev B",1,"Afanasyev B"
"Agostinis P",1,"Agostinis P"
"Ahluwalia MS",1,"Ahluwalia MS"
"Ahr A",1,"Ahr A"
"Ajona D",1,"Ajona D"
"Akarca AU",1,"Akarca AU"
"Akin C",1,"Akin C"
"Akyerli CB",1,"Akyerli CB"
"Al-Batran SE",1,"Al-Batran SE"
"Alanko T",1,"Alanko T"
"Alansary D",1,"Alansary D"
"Alborzinia H",1,"Alborzinia H"
"Albrecht J",1,"Albrecht J"
"Albrecht T",1,"Albrecht T"
"Alex R",1,"Alex R"
"Alimova I",1,"Alimova I"
"Allgäuer M",1,"Allgäuer M"
"Allum W",1,"Allum W"
"Almeida CF",1,"Almeida CF"
"Aloni-Grinstein R",1,"Aloni-Grinstein R"
"Alonso M",1,"Alonso M"
"Alsina M",1,"Alsina M"
"Alsina Maqueda M",1,"Alsina Maqueda M"
"Alter M",1,"Alter M"
"Altmann A",1,"Altmann A"
"Altmann T",1,"Altmann T"
"Altmannsberger M",1,"Altmannsberger M"
"Altschul SF",1,"Altschul SF"
"Alunni-Fabbroni M",1,"Alunni-Fabbroni M"
"Amaravadi R",1,"Amaravadi R"
"Ambrosone CB",1,"Ambrosone CB"
"Ameratunga M",1,"Ameratunga M"
"Amin A",1,"Amin A"
"Anaka M",1,"Anaka M"
"Anastopoulos IN",1,"Anastopoulos IN"
"Ancell KK",1,"Ancell KK"
"Andergassen U",1,"Andergassen U"
"Andersen NS",1,"Andersen NS"
"Andersen R",1,"Andersen R"
"Anderson AC",1,"Anderson AC"
"Anderson J",1,"Anderson J"
"Andreassen P",1,"Andreassen P"
"Andrulis IL",1,"Andrulis IL"
"Ansari N",1,"Ansari N"
"Antonenkova N; Australian Cancer Study (Ovarian Cancer); Australian Ovarian Cancer Study Group",1,"Antonenkova N; Australian Cancer Study (Ovarian Cancer); Australian Ovarian Cancer Study Group"
"Antonenkova NN",1,"Antonenkova NN"
"Antonia S",1,"Antonia S"
"Antoniou AC",1,"Antoniou AC"
"Antrobus R",1,"Antrobus R"
"Apostolopoulos V",1,"Apostolopoulos V"
"Apte RN",1,"Apte RN"
"Aqeilan RI",1,"Aqeilan RI"
"Arakelyan A",1,"Arakelyan A"
"Aranda F",1,"Aranda F"
"Arlt M",1,"Arlt M"
"Armaro M",1,"Armaro M"
"Arndt V",1,"Arndt V"
"Arnold K",1,"Arnold K"
"Arnolds J",1,"Arnolds J"
"Arock M",1,"Arock M"
"Arsenian-Henriksson M",1,"Arsenian-Henriksson M"
"Artis D",1,"Artis D"
"Asadi K",1,"Asadi K"
"Ascierto P",1,"Ascierto P"
"Askoxylakis V",1,"Askoxylakis V"
"Aspalter IM",1,"Aspalter IM"
"Assenmacher M",1,"Assenmacher M"
"Assenov Y",1,"Assenov Y"
"Astrahantseff K",1,"Astrahantseff K"
"Atkins MB",1,"Atkins MB"
"Atkinson V",1,"Atkinson V"
"Atmaca A",1,"Atmaca A"
"Atta J",1,"Atta J"
"Aubin F",1,"Aubin F"
"Audehm S",1,"Audehm S"
"Augsberger C",1,"Augsberger C"
"Augustin I",1,"Augustin I"
"Augustin M",1,"Augustin M"
"Auld D",1,"Auld D"
"Aulmann S",1,"Aulmann S"
"Aust D",1,"Aust D"
"Autenrieth M",1,"Autenrieth M"
"Avsaroglu SK",1,"Avsaroglu SK"
"Awad MM",1,"Awad MM"
"Ayyoub M",1,"Ayyoub M"
"Azam T",1,"Azam T"
"Azrilevich A",1,"Azrilevich A"
"Baas P",1,"Baas P"
"Babadi M",1,"Babadi M"
"Bacher P",1,"Bacher P"
"Bachireddy P",1,"Bachireddy P"
"Bachmann O",1,"Bachmann O"
"Backman C",1,"Backman C"
"Bader P",1,"Bader P"
"Badve S",1,"Badve S"
"Bageritz J",1,"Bageritz J"
"Bago-Horvath Z",1,"Bago-Horvath Z"
"Baharvand H",1,"Baharvand H"
"Bähr O",1,"Bähr O"
"Baisch C",1,"Baisch C"
"Bakdash G",1,"Bakdash G"
"Bakhtiar S",1,"Bakhtiar S"
"Balakrishnan I",1,"Balakrishnan I"
"Balana C",1,"Balana C"
"Bald T",1,"Bald T"
"Balko JM",1,"Balko JM"
"Ball C",1,"Ball C"
"Bandapalli OR",1,"Bandapalli OR"
"Bandarra D",1,"Bandarra D"
"Bandera EV",1,"Bandera EV"
"Bandura JL",1,"Bandura JL"
"Bane A",1,"Bane A"
"Bang YJ",1,"Bang YJ"
"Bango C",1,"Bango C"
"Bankfalvi A",1,"Bankfalvi A"
"Bannert S",1,"Bannert S"
"Bannister AJ",1,"Bannister AJ"
"Baracco EE",1,"Baracco EE"
"Barbhuiya MA",1,"Barbhuiya MA"
"Barbi G",1,"Barbi G"
"Barkhof F",1,"Barkhof F"
"Barnett SA",1,"Barnett SA"
"Barone MV",1,"Barone MV"
"Barrdahl M",1,"Barrdahl M"
"Bartholomä MD",1,"Bartholomä MD"
"Bartlett TE",1,"Bartlett TE"
"Bartsch H",1,"Bartsch H"
"Bassik MC",1,"Bassik MC"
"Bastholt L",1,"Bastholt L"
"Batzke K",1,"Batzke K"
"Bauché D",1,"Bauché D"
"Baudelet C",1,"Baudelet C"
"Bauer A",1,"Bauer A"
"Bauer AS",1,"Bauer AS"
"Bauer C",1,"Bauer C"
"Bauer K",1,"Bauer K"
"Bauerle PA",1,"Bauerle PA"
"Bauernhofer T",1,"Bauernhofer T"
"Baugh J",1,"Baugh J"
"Baum RP",1,"Baum RP"
"Baumann D",1,"Baumann D"
"Baumann J",1,"Baumann J"
"Bean Y",1,"Bean Y"
"Beavis PA",1,"Beavis PA"
"Becher I",1,"Becher I"
"Bechstein WO",1,"Bechstein WO"
"Bechter O",1,"Bechter O"
"Beck S",1,"Beck S"
"Becker G",1,"Becker G"
"Becker K",1,"Becker K"
"Becker R",1,"Becker R"
"Beckermann KE",1,"Beckermann KE"
"Bedke J",1,"Bedke J"
"Bedoui S",1,"Bedoui S"
"Bedri S",1,"Bedri S"
"Beermann F",1,"Beermann F"
"Behdad A",1,"Behdad A"
"Behnke-Mursch J",1,"Behnke-Mursch J"
"Beier F",1,"Beier F"
"Bein J",1,"Bein J"
"Beissert S",1,"Beissert S"
"Beleggia F",1,"Beleggia F"
"Belenki D",1,"Belenki D"
"Belharazem D",1,"Belharazem D"
"Beliveau M",1,"Beliveau M"
"Belleville E",1,"Belleville E"
"Ben-Arie A",1,"Ben-Arie A"
"Ben Hassel M",1,"Ben Hassel M"
"Bence Lin A",1,"Bence Lin A"
"Bencun M",1,"Bencun M"
"Bender A",1,"Bender A"
"Bender B",1,"Bender B"
"Bender HG",1,"Bender HG"
"Benes V",1,"Benes V"
"Benesch M",1,"Benesch M"
"Benetou V",1,"Benetou V"
"Benitez-Bribiesca L",1,"Benitez-Bribiesca L"
"Beohou E",1,"Beohou E"
"Beqiri M",1,"Beqiri M"
"Berchuck A",1,"Berchuck A"
"Berdel B",1,"Berdel B"
"Berdougo E",1,"Berdougo E"
"Berger I",1,"Berger I"
"Berger MR",1,"Berger MR"
"Berger SM",1,"Berger SM"
"Bermisheva M",1,"Bermisheva M"
"Bernasconi E",1,"Bernasconi E"
"Bernatz S",1,"Bernatz S"
"Bernd L",1,"Bernd L"
"Bernhard H",1,"Bernhard H"
"Berriel-Diaz M",1,"Berriel-Diaz M"
"Bertisch B",1,"Bertisch B"
"Bertone P",1,"Bertone P"
"Bertrand Y",1,"Bertrand Y"
"Berumen J",1,"Berumen J"
"Beschorner R",1,"Beschorner R"
"Besse B",1,"Besse B"
"Bettelheim P",1,"Bettelheim P"
"Beyer M",1,"Beyer M"
"Bianchi HO",1,"Bianchi HO"
"Bicker A",1,"Bicker A"
"Bickle M",1,"Bickle M"
"Biddlestone J",1,"Biddlestone J"
"Biller T",1,"Biller T"
"Binder H",1,"Binder H"
"Binder J",1,"Binder J"
"Binder M",1,"Binder M"
"Birkbak NJ",1,"Birkbak NJ"
"Birks DK",1,"Birks DK"
"Bisogna M",1,"Bisogna M"
"Bison B",1,"Bison B"
"Bisschop K",1,"Bisschop K"
"Bitomsky N",1,"Bitomsky N"
"Bizama C",1,"Bizama C"
"Bjorge L",1,"Bjorge L"
"Björnmalm M",1,"Björnmalm M"
"Black E",1,"Black E"
"Blackburn JM",1,"Blackburn JM"
"Blanc V",1,"Blanc V"
"Blanco Cabañes S",1,"Blanco Cabañes S"
"Blank CU",1,"Blank CU"
"Blank MF",1,"Blank MF"
"Blasczyk R",1,"Blasczyk R"
"Blasel S",1,"Blasel S"
"Blasig H",1,"Blasig H"
"Blatt K",1,"Blatt K"
"Blay JY",1,"Blay JY"
"Blewitt ME",1,"Blewitt ME"
"Bliederhaeuser C",1,"Bliederhaeuser C"
"Blight KJ",1,"Blight KJ"
"Bloehdorn J",1,"Bloehdorn J"
"Blome C",1,"Blome C"
"Bloor S",1,"Bloor S"
"Bloy N",1,"Bloy N"
"Blüher M",1,"Blüher M"
"Blumenschein G Jr",1,"Blumenschein G Jr"
"Bode U",1,"Bode U"
"Bodman-Smith K",1,"Bodman-Smith K"
"Boeing H",1,"Boeing H"
"Boerries M",1,"Boerries M"
"Boettger T",1,"Boettger T"
"Bogdanova N",1,"Bogdanova N"
"Bohlender-Willke AL",1,"Bohlender-Willke AL"
"Böhm K",1,"Böhm K"
"Boku N",1,"Boku N"
"Bolenz C",1,"Bolenz C"
"Böll B",1,"Böll B"
"Bolla MK",1,"Bolla MK"
"Bollschweiler E",1,"Bollschweiler E"
"Bondanza A",1,"Bondanza A"
"Bondarenko I",1,"Bondarenko I"
"Bonekamp D",1,"Bonekamp D"
"Bongers A",1,"Bongers A"
"Bongiorno M",1,"Bongiorno M"
"Bonig H",1,"Bonig H"
"Bono P",1,"Bono P"
"Booken N",1,"Booken N"
"Borghaei H",1,"Borghaei H"
"Borho K",1,"Borho K"
"Bork P",1,"Bork P"
"Born IA",1,"Born IA"
"Bosch-Barrera J",1,"Bosch-Barrera J"
"Bosch AL",1,"Bosch AL"
"Bose N",1,"Bose N"
"Bossennec M",1,"Bossennec M"
"Bossow S",1,"Bossow S"
"Bostel T",1,"Bostel T"
"Botzen A",1,"Botzen A"
"Bouchardy C",1,"Bouchardy C"
"Boukamp P",1,"Boukamp P"
"Boulos J",1,"Boulos J"
"Boutron-Ruault MC",1,"Boutron-Ruault MC"
"Boutros PC",1,"Boutros PC"
"Bowman C",1,"Bowman C"
"Bozko P",1,"Bozko P"
"Bracci L",1,"Bracci L"
"Brado M",1,"Brado M"
"Brady B",1,"Brady B"
"Brafford P",1,"Brafford P"
"Brage SE",1,"Brage SE"
"Brakhage AA",1,"Brakhage AA"
"Bramante S",1,"Bramante S"
"Brammer I",1,"Brammer I"
"Brand JS",1,"Brand JS"
"Brandes AA",1,"Brandes AA"
"Brandes M",1,"Brandes M"
"Brandstetter A",1,"Brandstetter A"
"Brandt R",1,"Brandt R"
"Braspenning J",1,"Braspenning J"
"Braun F",1,"Braun F"
"Braun T",1,"Braun T"
"Bravo-San Pedro JM",1,"Bravo-San Pedro JM"
"Breckwoldt MO",1,"Breckwoldt MO"
"Breinig M",1,"Breinig M"
"Bremm A",1,"Bremm A"
"Brenner H",1,"Brenner H"
"Brenner N",1,"Brenner N"
"Bretz NP",1,"Bretz NP"
"Brieger A",1,"Brieger A"
"Brinker TJ",1,"Brinker TJ"
"Brinton LA",1,"Brinton LA"
"Brock J",1,"Brock J"
"Broderick P",1,"Broderick P"
"Broeks A",1,"Broeks A"
"Brossmer R",1,"Brossmer R"
"Brown A",1,"Brown A"
"Brown P",1,"Brown P"
"Brugger W",1,"Brugger W"
"Brümmendorf TH",1,"Brümmendorf TH"
"Brüning A",1,"Brüning A"
"Brüning JC",1,"Brüning JC"
"Brüning T",1,"Brüning T"
"Brunner TB",1,"Brunner TB"
"Brustugun OT",1,"Brustugun OT"
"Bryce A",1,"Bryce A"
"Buch T",1,"Buch T"
"Buchbinder EI",1,"Buchbinder EI"
"Bucher P",1,"Bucher P"
"Buchhalter I",1,"Buchhalter I"
"Buck MD",1,"Buck MD"
"Bucur M",1,"Bucur M"
"Buendia MA",1,"Buendia MA"
"Buergermeister R",1,"Buergermeister R"
"Bufler P",1,"Bufler P"
"Bugert P",1,"Bugert P"
"Bullinger L",1,"Bullinger L"
"Bulstrode H",1,"Bulstrode H"
"Bumeder I",1,"Bumeder I"
"Bunjes D",1,"Bunjes D"
"Buqué A",1,"Buqué A"
"Bürger F",1,"Bürger F"
"Burgermeister E",1,"Burgermeister E"
"Burr ML",1,"Burr ML"
"Burra A",1,"Burra A"
"Burvenich IJ",1,"Burvenich IJ"
"Burvenich IJG",1,"Burvenich IJG"
"Busch H",1,"Busch H"
"Buschow SI",1,"Buschow SI"
"Buske P",1,"Buske P"
"Bussolino F",1,"Bussolino F"
"Bütof R",1,"Bütof R"
"Butts C",1,"Butts C"
"Caballero-Díaz D",1,"Caballero-Díaz D"
"Cabillin-Engenhart R",1,"Cabillin-Engenhart R"
"Cabo M",1,"Cabo M"
"Cabrera E",1,"Cabrera E"
"Cafri G",1,"Cafri G"
"Caignard A",1,"Caignard A"
"Caldeira S",1,"Caldeira S"
"Calderon JF",1,"Calderon JF"
"Calmon R",1,"Calmon R"
"Campbell KJ",1,"Campbell KJ"
"Can Ö",1,"Can Ö"
"Can S",1,"Can S"
"Can Y",1,"Can Y"
"Cañeque T",1,"Cañeque T"
"Cannarozzo A",1,"Cannarozzo A"
"Cantu E",1,"Cantu E"
"Cappuzzo F",1,"Cappuzzo F"
"Cardenas DV",1,"Cardenas DV"
"Carén H",1,"Carén H"
"Carmeliet P",1,"Carmeliet P"
"Carol H",1,"Carol H"
"Carpenter C",1,"Carpenter C"
"Carrasco-Gomez R",1,"Carrasco-Gomez R"
"Carrez C",1,"Carrez C"
"Cartun ZJ",1,"Cartun ZJ"
"Caruso F",1,"Caruso F"
"Caruso S",1,"Caruso S"
"Castelli C",1,"Castelli C"
"Castoldi F",1,"Castoldi F"
"Castro FA",1,"Castro FA"
"Catucci I",1,"Catucci I"
"Caux C",1,"Caux C"
"Cavallo F",1,"Cavallo F"
"Cebon JS",1,"Cebon JS"
"Celis E",1,"Celis E"
"Cella D",1,"Cella D"
"Cerroni L",1,"Cerroni L"
"Cerullo V",1,"Cerullo V"
"Cerundolo V",1,"Cerundolo V"
"Cerwenka A",1,"Cerwenka A"
"Chai M",1,"Chai M"
"Chalabreysse L",1,"Chalabreysse L"
"Chamulitrat W",1,"Chamulitrat W"
"Chan E",1,"Chan E"
"Chan L",1,"Chan L"
"Chandra D",1,"Chandra D"
"Chandra S",1,"Chandra S"
"Chaney B",1,"Chaney B"
"Chang CW",1,"Chang CW"
"Chang H",1,"Chang H"
"Chang YT",1,"Chang YT"
"Charalambous A",1,"Charalambous A"
"Charles J",1,"Charles J"
"Charni M",1,"Charni M"
"Chatterjee N",1,"Chatterjee N"
"Chatterjee U",1,"Chatterjee U"
"Chaudhary AK",1,"Chaudhary AK"
"Chemes LB",1,"Chemes LB"
"Chen KH",1,"Chen KH"
"Chen L",1,"Chen L"
"Chen Q",1,"Chen Q"
"Chen YH",1,"Chen YH"
"Chen Z",1,"Chen Z"
"Chin L",1,"Chin L"
"Chinot O",1,"Chinot O"
"Chism DD",1,"Chism DD"
"Chmielik E",1,"Chmielik E"
"Chmielowski B",1,"Chmielowski B"
"Cho SX",1,"Cho SX"
"Choi JN",1,"Choi JN"
"Chong G",1,"Chong G"
"Chong MM",1,"Chong MM"
"Choo SP",1,"Choo SP"
"Chopin N",1,"Chopin N"
"Chopra A",1,"Chopra A"
"Chou HL",1,"Chou HL"
"Chou YC",1,"Chou YC"
"Chow LQ",1,"Chow LQ"
"Chow LQM",1,"Chow LQM"
"Christ J",1,"Christ J"
"Christen S",1,"Christen S"
"Christgen M",1,"Christgen M"
"Christian S",1,"Christian S"
"Christie JD",1,"Christie JD"
"Christopoulos P",1,"Christopoulos P"
"Chu CM",1,"Chu CM"
"Chuang WY",1,"Chuang WY"
"Chubb D",1,"Chubb D"
"Chudasama P",1,"Chudasama P"
"Chueh AC",1,"Chueh AC"
"Chung HC",1,"Chung HC"
"Claas A",1,"Claas A"
"Claes KB",1,"Claes KB"
"Clark JI",1,"Clark JI"
"Clausen MH",1,"Clausen MH"
"Clayton A",1,"Clayton A"
"Clear AJ",1,"Clear AJ"
"Clement K",1,"Clement K"
"Cleveland JL",1,"Cleveland JL"
"Clifford GM",1,"Clifford GM"
"Cohen JV",1,"Cohen JV"
"Colditz N",1,"Colditz N"
"Colebatch AJ",1,"Colebatch AJ"
"Collodet C",1,"Collodet C"
"Colpaert C",1,"Colpaert C"
"Combs SE",1,"Combs SE"
"Concannon P",1,"Concannon P"
"Conrad H",1,"Conrad H"
"Conti I",1,"Conti I"
"Corbett AJ",1,"Corbett AJ"
"Cordes N",1,"Cordes N"
"Cornelis JJ",1,"Cornelis JJ"
"Cornelissen S",1,"Cornelissen S"
"Cornely O",1,"Cornely O"
"Cornish J",1,"Cornish J"
"Corral Jaime J",1,"Corral Jaime J"
"Corvalán AH",1,"Corvalán AH"
"Cosgarea I",1,"Cosgarea I"
"Cosgun E",1,"Cosgun E"
"Cossa G",1,"Cossa G"
"Costello E",1,"Costello E"
"Couch F",1,"Couch F"
"Couch FJ",1,"Couch FJ"
"Coudert B",1,"Coudert B"
"Craig J",1,"Craig J"
"Crawford L",1,"Crawford L"
"Cremer C",1,"Cremer C"
"Crino L",1,"Crino L"
"Crocenzi TS",1,"Crocenzi TS"
"Crone J",1,"Crone J"
"Cross JR",1,"Cross JR"
"Crozat A",1,"Crozat A"
"Csóka M",1,"Csóka M"
"Cunningham D",1,"Cunningham D"
"Czene K",1,"Czene K"
"Czink E",1,"Czink E"
"D'Alessandria C",1,"D'Alessandria C"
"d'Udekem Y",1,"d'Udekem Y"
"Da Gama Duarte J",1,"Da Gama Duarte J"
"Daaboul HE",1,"Daaboul HE"
"Däbritz JHM",1,"Däbritz JHM"
"Dagher C",1,"Dagher C"
"Daher CF",1,"Daher CF"
"Dalhoff K",1,"Dalhoff K"
"Dalissier A",1,"Dalissier A"
"Dalle JH",1,"Dalle JH"
"Damen-Korbijn CM",1,"Damen-Korbijn CM"
"Darabi H",1,"Darabi H"
"Darling D",1,"Darling D"
"Darling KE",1,"Darling KE"
"Das I",1,"Das I"
"Das S",1,"Das S"
"Dastani HB",1,"Dastani HB"
"Dauch D",1,"Dauch D"
"Daud A",1,"Daud A"
"Davalos-Salas M",1,"Davalos-Salas M"
"Davidson N",1,"Davidson N"
"Davis EJ",1,"Davis EJ"
"Davis ID",1,"Davis ID"
"Dawson MA",1,"Dawson MA"
"Dawson SJ",1,"Dawson SJ"
"de Almodòvar CR",1,"de Almodòvar CR"
"de Braud F",1,"de Braud F"
"De Bruyne E",1,"De Bruyne E"
"de Coaña YP",1,"de Coaña YP"
"De Jongh D",1,"De Jongh D"
"de Leval L",1,"de Leval L"
"De Muret A",1,"De Muret A"
"De Veirman K",1,"De Veirman K"
"de Vries IJ",1,"de Vries IJ"
"De Waele J",1,"De Waele J"
"De Wolf R",1,"De Wolf R"
"Deb S",1,"Deb S"
"DeCaprio JA",1,"DeCaprio JA"
"Decker M",1,"Decker M"
"Degoricija M",1,"Degoricija M"
"Dehler S",1,"Dehler S"
"Dehne N",1,"Dehne N"
"Deinlein F",1,"Deinlein F"
"Deiser K",1,"Deiser K"
"Del Pozzo L",1,"Del Pozzo L"
"Del Río ML",1,"Del Río ML"
"Dela Cruz C",1,"Dela Cruz C"
"Delahaye-Sourdeix M",1,"Delahaye-Sourdeix M"
"Delatycki MB",1,"Delatycki MB"
"Delecluse HJ",1,"Delecluse HJ"
"Deleu L",1,"Deleu L"
"Delic M",1,"Delic M"
"Dell' Orco M",1,"Dell' Orco M"
"Deller T",1,"Deller T"
"Demidov L",1,"Demidov L"
"Dennis J",1,"Dennis J"
"Denzinger S",1,"Denzinger S"
"Derigs P",1,"Derigs P"
"Deubzer HE",1,"Deubzer HE"
"Deumelandt K",1,"Deumelandt K"
"Dewi DL",1,"Dewi DL"
"Dexheimer P",1,"Dexheimer P"
"Dhermain F",1,"Dhermain F"
"Di Giacomo AM",1,"Di Giacomo AM"
"Diamond JM",1,"Diamond JM"
"Dick J",1,"Dick J"
"Dickgreber NJ",1,"Dickgreber NJ"
"Dickreuter E",1,"Dickreuter E"
"Dieckmann K",1,"Dieckmann K"
"Dienemann H",1,"Dienemann H"
"Dietel M",1,"Dietel M"
"Dietrich A",1,"Dietrich A"
"Dietrich S",1,"Dietrich S"
"Dikomey E",1,"Dikomey E"
"Dimitrova L",1,"Dimitrova L"
"Dinarello CA",1,"Dinarello CA"
"Dingemans AC",1,"Dingemans AC"
"Dinowitz N",1,"Dinowitz N"
"Dinsart C",1,"Dinsart C"
"Dippel E",1,"Dippel E"
"Dirks WG",1,"Dirks WG"
"Disovic A",1,"Disovic A"
"Dittmann A",1,"Dittmann A"
"Dittmar G",1,"Dittmar G"
"Dittmer U",1,"Dittmer U"
"Dobbelstein M",1,"Dobbelstein M"
"Doberstein K",1,"Doberstein K"
"Dobrovic A",1,"Dobrovic A"
"Doerr F",1,"Doerr F"
"Dogu F",1,"Dogu F"
"Dollt C",1,"Dollt C"
"Dong X",1,"Dong X"
"Donia M",1,"Donia M"
"Donson AM",1,"Donson AM"
"Dor Y",1,"Dor Y"
"Dörfel D",1,"Dörfel D"
"Dörken B",1,"Dörken B"
"Dorniok F",1,"Dorniok F"
"Dörr JR",1,"Dörr JR"
"Dorrell C",1,"Dorrell C"
"Dössinger G",1,"Dössinger G"
"Dossus L",1,"Dossus L"
"Draetta GF",1,"Draetta GF"
"Drecoll E",1,"Drecoll E"
"Drewes G",1,"Drewes G"
"Drings P",1,"Drings P"
"Dubois B",1,"Dubois B"
"Dubrovska A",1,"Dubrovska A"
"Ducreux M",1,"Ducreux M"
"Duensing S",1,"Duensing S"
"Duiveman-de Boer T",1,"Duiveman-de Boer T"
"Dunzendorfer U",1,"Dunzendorfer U"
"Duong CPM",1,"Duong CPM"
"Durand I",1,"Durand I"
"Duyster J",1,"Duyster J"
"Dziadziuszko R",1,"Dziadziuszko R"
"Earnshaw W",1,"Earnshaw W"
"Ebbinghaus S",1,"Ebbinghaus S"
"Ebener U",1,"Ebener U"
"Eberhardt WE",1,"Eberhardt WE"
"Eberle J",1,"Eberle J"
"Ebert MP",1,"Ebert MP"
"Ebert W",1,"Ebert W"
"Echterdiek F",1,"Echterdiek F"
"Eckle SB",1,"Eckle SB"
"Edbäck U",1,"Edbäck U"
"Eder M",1,"Eder M"
"Edgar BA",1,"Edgar BA"
"Eelen G",1,"Eelen G"
"Effern M",1,"Effern M"
"Egger M; Swiss HIV Cohort Study",1,"Egger M; Swiss HIV Cohort Study"
"Eggermont AM",1,"Eggermont AM"
"Ehl S",1,"Ehl S"
"Eichhorn T",1,"Eichhorn T"
"Eickhoff S",1,"Eickhoff S"
"Eide E",1,"Eide E"
"Eidt S",1,"Eidt S"
"Eilers M",1,"Eilers M"
"Eisenbach L",1,"Eisenbach L"
"Eisenbrand G",1,"Eisenbrand G"
"Ekim Üstünel B",1,"Ekim Üstünel B"
"El-Baba B",1,"El-Baba B"
"El-Balat A",1,"El-Balat A"
"El-Khoueiry AB",1,"El-Khoueiry AB"
"El-Sibai M",1,"El-Sibai M"
"El Fitori J",1,"El Fitori J"
"Elgass KD",1,"Elgass KD"
"Elgohary N",1,"Elgohary N"
"Ellenberg J",1,"Ellenberg J"
"Ellisdon AM",1,"Ellisdon AM"
"Elssner C",1,"Elssner C"
"Eltobgy M",1,"Eltobgy M"
"Ely S",1,"Ely S"
"Elzawahry HM",1,"Elzawahry HM"
"Enders A",1,"Enders A"
"Engel C",1,"Engel C"
"Engel F",1,"Engel F"
"Engels EA",1,"Engels EA"
"Engert F",1,"Engert F"
"Engl T",1,"Engl T"
"Enot DP",1,"Enot DP"
"Enting R",1,"Enting R"
"Eray G",1,"Eray G"
"Erdem-Eraslan L",1,"Erdem-Eraslan L"
"Erdemgil Y",1,"Erdemgil Y"
"Ernst M",1,"Ernst M"
"Eroglu Z",1,"Eroglu Z"
"Erson-Omay EZ",1,"Erson-Omay EZ"
"Esner M",1,"Esner M"
"Espinoza JA",1,"Espinoza JA"
"Ettinger D",1,"Ettinger D"
"Ettl J",1,"Ettl J"
"Etzl R",1,"Etzl R"
"Evangelou C",1,"Evangelou C"
"Evans K",1,"Evans K"
"Evesque L",1,"Evesque L"
"Ewerbeck V",1,"Ewerbeck V"
"Eze C",1,"Eze C"
"Fabregat I",1,"Fabregat I"
"Fagerholm R",1,"Fagerholm R"
"Faget J",1,"Faget J"
"Fahimi HD",1,"Fahimi HD"
"Faigle G",1,"Faigle G"
"Fairlie DP",1,"Fairlie DP"
"Faisal S",1,"Faisal S"
"Faldum A",1,"Faldum A"
"Falk CS",1,"Falk CS"
"Fallahi M",1,"Fallahi M"
"Fallon PG",1,"Fallon PG"
"Fan DNY",1,"Fan DNY"
"Fang Y",1,"Fang Y"
"Farmanara N",1,"Farmanara N"
"Farzaneh F",1,"Farzaneh F"
"Fassan M",1,"Fassan M"
"Fassl A",1,"Fassl A"
"Fatho M",1,"Fatho M"
"Fayette J",1,"Fayette J"
"Fazzi GE",1,"Fazzi GE"
"Feber A",1,"Feber A"
"Fechner H",1,"Fechner H"
"Federmann B",1,"Federmann B"
"Fehm T",1,"Fehm T"
"Fehm TN",1,"Fehm TN"
"Felcht M",1,"Felcht M"
"Feldman M",1,"Feldman M"
"Felix K",1,"Felix K"
"Fellenberg J",1,"Fellenberg J"
"Feoktistova M",1,"Feoktistova M"
"Ferber D",1,"Ferber D"
"Ferraresi V",1,"Ferraresi V"
"Ferrero RL",1,"Ferrero RL"
"Fertig R",1,"Fertig R"
"Fiedler M",1,"Fiedler M"
"Fiegl M",1,"Fiegl M"
"Figdor CG",1,"Figdor CG"
"Figueiredo C",1,"Figueiredo C"
"Figueiredo M",1,"Figueiredo M"
"Filipits M",1,"Filipits M"
"Fink-Baldauf IM",1,"Fink-Baldauf IM"
"Fink AF",1,"Fink AF"
"Fisher DE",1,"Fisher DE"
"Fisher S",1,"Fisher S"
"Fitzharris BM",1,"Fitzharris BM"
"Flamar AL",1,"Flamar AL"
"Flament C",1,"Flament C"
"Fleischhack G",1,"Fleischhack G"
"Fleming T",1,"Fleming T"
"Fleming V",1,"Fleming V"
"Flentje M",1,"Flentje M"
"Flórez AF",1,"Flórez AF"
"Florian MC",1,"Florian MC"
"Floris G",1,"Floris G"
"Florkin B",1,"Florkin B"
"Floudas A",1,"Floudas A"
"Focken I",1,"Focken I"
"Foppen MHG",1,"Foppen MHG"
"Foreman NK",1,"Foreman NK"
"Forssmann U",1,"Forssmann U"
"Fortner RT",1,"Fortner RT"
"Fostier K",1,"Fostier K"
"Foulkes WD",1,"Foulkes WD"
"Fournier A",1,"Fournier A"
"Fox SB",1,"Fox SB"
"Franceschi S",1,"Franceschi S"
"Franco CA",1,"Franco CA"
"Frank AK",1,"Frank AK"
"Frank M",1,"Frank M"
"Frankfurt O",1,"Frankfurt O"
"Freedman ND",1,"Freedman ND"
"Freier G",1,"Freier G"
"Freire R",1,"Freire R"
"Freitag A",1,"Freitag A"
"Frickhofen N",1,"Frickhofen N"
"Friedl TW",1,"Friedl TW"
"Friedrich C",1,"Friedrich C"
"Friedrich K",1,"Friedrich K"
"Friedrichs N",1,"Friedrichs N"
"Friese K",1,"Friese K"
"Fritsch K",1,"Fritsch K"
"Fritzsching B",1,"Fritzsching B"
"Fröhlich M",1,"Fröhlich M"
"Frötschl R",1,"Frötschl R"
"Fruttiger M",1,"Fruttiger M"
"Ftouni S",1,"Ftouni S"
"Führer D",1,"Führer D"
"Fukazawa T",1,"Fukazawa T"
"Fulda S",1,"Fulda S"
"Fuller L",1,"Fuller L"
"Funk J",1,"Funk J"
"Furness AJ",1,"Furness AJ"
"Fürst R",1,"Fürst R"
"Gaborieau V",1,"Gaborieau V"
"Gabriel S",1,"Gabriel S"
"Gaffal E",1,"Gaffal E"
"Gagrica S",1,"Gagrica S"
"Gal A",1,"Gal A"
"Galonska C",1,"Galonska C"
"Gambhir SS",1,"Gambhir SS"
"Gambichler T",1,"Gambichler T"
"Gámez-Díaz L",1,"Gámez-Díaz L"
"Gangadhar TC",1,"Gangadhar TC"
"Ganswindt U",1,"Ganswindt U"
"Gantier MP",1,"Gantier MP"
"Gao D",1,"Gao D"
"Gao J",1,"Gao J"
"Gao Y",1,"Gao Y"
"Garassino M",1,"Garassino M"
"Garassino MC",1,"Garassino MC"
"García-Closas M",1,"García-Closas M"
"García P",1,"García P"
"Gargano M",1,"Gargano M"
"Garlanda C",1,"Garlanda C"
"Garman B",1,"Garman B"
"Garrido P",1,"Garrido P"
"Garzarolli M",1,"Garzarolli M"
"Gassler N",1,"Gassler N"
"Gast D",1,"Gast D"
"Gauler T",1,"Gauler T"
"Gebauer M",1,"Gebauer M"
"Geese WJ",1,"Geese WJ"
"Geffers R",1,"Geffers R"
"Geiger H",1,"Geiger H"
"Geletneky K",1,"Geletneky K"
"Gennery AR; Inborn Errors Working Party of the European Group for Blood and Marrow Transplantation",1,"Gennery AR; Inborn Errors Working Party of the European Group for Blood and Marrow Transplantation"
"Genovese G",1,"Genovese G"
"Gentilcore G",1,"Gentilcore G"
"Geörg C",1,"Geörg C"
"George TI",1,"George TI"
"Gerasch L",1,"Gerasch L"
"Gerber DE",1,"Gerber DE"
"Gerber N",1,"Gerber N"
"Gerger A",1,"Gerger A"
"Gerhard I",1,"Gerhard I"
"Gerhardt H",1,"Gerhardt H"
"Gerhäuser C",1,"Gerhäuser C"
"Germeroth L",1,"Germeroth L"
"Gershenwald JE",1,"Gershenwald JE"
"Gersting SW",1,"Gersting SW"
"Gettinger S",1,"Gettinger S"
"Gettinger SN",1,"Gettinger SN"
"Gherardin NA",1,"Gherardin NA"
"Ghisi M",1,"Ghisi M"
"Giarrè M",1,"Giarrè M"
"Gibbs P",1,"Gibbs P"
"Gibson B",1,"Gibson B"
"Gibson TJ",1,"Gibson TJ"
"Gielen GH",1,"Gielen GH"
"Giese N",1,"Giese N"
"Giger KM",1,"Giger KM"
"Gijtenbeek JMM",1,"Gijtenbeek JMM"
"Gilbert MR",1,"Gilbert MR"
"Gillespie D",1,"Gillespie D"
"Giner MP",1,"Giner MP"
"Giotopoulos G",1,"Giotopoulos G"
"Girard N",1,"Girard N"
"Giunti G",1,"Giunti G"
"Gkika E",1,"Gkika E"
"Glas C",1,"Glas C"
"Glatzel M",1,"Glatzel M"
"Glennie MJ",1,"Glennie MJ"
"Glienke W",1,"Glienke W"
"Glitza OIC",1,"Glitza OIC"
"Glodde N",1,"Glodde N"
"Gnirke A",1,"Gnirke A"
"Gödel P",1,"Gödel P"
"Göder A",1,"Göder A"
"Godschalk R",1,"Godschalk R"
"Goebeler M",1,"Goebeler M"
"Goeckenjan G",1,"Goeckenjan G"
"Goepfert K",1,"Goepfert K"
"Goeppert B",1,"Goeppert B"
"Goerdt S",1,"Goerdt S"
"Goh YW",1,"Goh YW"
"Gold R",1,"Gold R"
"Goldenberg DM",1,"Goldenberg DM"
"Goldfinger N",1,"Goldfinger N"
"Goldgar DE",1,"Goldgar DE"
"Goldstein I",1,"Goldstein I"
"Golfier S",1,"Golfier S"
"Golhar R",1,"Golhar R"
"Gong S",1,"Gong S"
"Gong SJ",1,"Gong SJ"
"Gong W",1,"Gong W"
"González Foutel NS",1,"González Foutel NS"
"Goodman GR",1,"Goodman GR"
"Goodnow CC",1,"Goodnow CC"
"Goodrich DW",1,"Goodrich DW"
"Gorden K",1,"Gorden K"
"Gorlia T",1,"Gorlia T"
"Gorris MA",1,"Gorris MA"
"Goschzik T",1,"Goschzik T"
"Gotlib J",1,"Gotlib J"
"Götz C",1,"Götz C"
"Gourdin N",1,"Gourdin N"
"Goursot C",1,"Goursot C"
"Govene L",1,"Govene L"
"Govindan SV",1,"Govindan SV"
"Grabe N",1,"Grabe N"
"Grass A",1,"Grass A"
"Gräter T",1,"Gräter T"
"Gratzke C",1,"Gratzke C"
"Gray JE",1,"Gray JE"
"Green E",1,"Green E"
"Greenhalf W",1,"Greenhalf W"
"Grees M",1,"Grees M"
"Gregory R",1,"Gregory R"
"Greiner V",1,"Greiner V"
"Grez M",1,"Grez M"
"Gribben JG",1,"Gribben JG"
"Griesinger AM",1,"Griesinger AM"
"Griewank KG",1,"Griewank KG"
"Griffin MDW",1,"Griffin MDW"
"Grimbacher B",1,"Grimbacher B"
"Grimm C",1,"Grimm C"
"Grimm J",1,"Grimm J"
"Grimm MO",1,"Grimm MO"
"Grischke EM",1,"Grischke EM"
"Grob TJ",1,"Grob TJ"
"Grompe M",1,"Grompe M"
"Gronemeyer H",1,"Gronemeyer H"
"Gross G",1,"Gross G"
"Grossardt C",1,"Grossardt C"
"Grossmann KF",1,"Grossmann KF"
"Grosu AL",1,"Grosu AL"
"Groth C",1,"Groth C"
"Grove C",1,"Grove C"
"Grummt I",1,"Grummt I"
"Grumont R",1,"Grumont R"
"Gründemann S",1,"Gründemann S"
"Grüner M",1,"Grüner M"
"Grünewald TGP",1,"Grünewald TGP"
"Grünewaldt A",1,"Grünewaldt A"
"Gu S",1,"Gu S"
"Gudgin EJ",1,"Gudgin EJ"
"Guenther M",1,"Guenther M"
"Gugasyan R",1,"Gugasyan R"
"Guidoboni M",1,"Guidoboni M"
"Guitton J",1,"Guitton J"
"Gul S",1,"Gul S"
"Guminski AD",1,"Guminski AD"
"Günel M",1,"Günel M"
"Günes C",1,"Günes C"
"Guo M",1,"Guo M"
"Gurtner K",1,"Gurtner K"
"Gusenleitner D",1,"Gusenleitner D"
"Gussetis ES",1,"Gussetis ES"
"Gütgemann S",1,"Gütgemann S"
"Gutschner T",1,"Gutschner T"
"Gutting T",1,"Gutting T"
"Gutzmer R; Cutaneous Side Effects Committee of the Work Group Dermatological Oncology (ADO)",1,"Gutzmer R; Cutaneous Side Effects Committee of the Work Group Dermatological Oncology (ADO)"
"Guweidhi A",1,"Guweidhi A"
"Gyorki DE",1,"Gyorki DE"
"Ha L",1,"Ha L"
"Haag N",1,"Haag N"
"Haalck T",1,"Haalck T"
"Haanen J",1,"Haanen J"
"Haase W",1,"Haase W"
"Haavisto E",1,"Haavisto E"
"Hackert T",1,"Hackert T"
"Hadaschik B",1,"Hadaschik B"
"Hadaschik BA",1,"Hadaschik BA"
"Hadji P",1,"Hadji P"
"Hadzijusufovic E",1,"Hadzijusufovic E"
"Haeffner EW",1,"Haeffner EW"
"Haemmerle M",1,"Haemmerle M"
"Haetscher N",1,"Haetscher N"
"Haferkamp S",1,"Haferkamp S"
"Hagelstein I",1,"Hagelstein I"
"Hainfellner JA",1,"Hainfellner JA"
"Hajibagheri MA",1,"Hajibagheri MA"
"Hakonen T",1,"Hakonen T"
"Halder S",1,"Halder S"
"Halilovic A",1,"Halilovic A"
"Hall A",1,"Hall A"
"Hall C",1,"Hall C"
"Hallwachs R",1,"Hallwachs R"
"Halpern A",1,"Halpern A"
"Halse H",1,"Halse H"
"Hamann U",1,"Hamann U"
"Hamann U; GENICA Network",1,"Hamann U; GENICA Network"
"Hameister E",1,"Hameister E"
"Hamladji RM",1,"Hamladji RM"
"Hammarström L",1,"Hammarström L"
"Hammond EM",1,"Hammond EM"
"Hamprecht A",1,"Hamprecht A"
"Hams E",1,"Hams E"
"Han Y",1,"Han Y"
"Hanafiah NH",1,"Hanafiah NH"
"Handler MH",1,"Handler MH"
"Hänggi K",1,"Hänggi K"
"Hank T",1,"Hank T"
"Hankeln T",1,"Hankeln T"
"Hanna B",1,"Hanna B"
"Hanschen M",1,"Hanschen M"
"Hansen L",1,"Hansen L"
"Hansen M",1,"Hansen M"
"Hao X",1,"Hao X"
"Hapfelmeier A",1,"Hapfelmeier A"
"Happel K",1,"Happel K"
"Harari A",1,"Harari A"
"Harbison C",1,"Harbison C"
"Harder S",1,"Harder S"
"Harrington K",1,"Harrington K"
"Harris CC",1,"Harris CC"
"Harris PA",1,"Harris PA"
"Harris PS",1,"Harris PS"
"Harsdorf S",1,"Harsdorf S"
"Hart SN",1,"Hart SN"
"Härtel N",1,"Härtel N"
"Harter PN",1,"Harter PN"
"Harth V",1,"Harth V"
"Hartig R",1,"Hartig R"
"Hartmann C",1,"Hartmann C"
"Hartmann D",1,"Hartmann D"
"Hartmann G",1,"Hartmann G"
"Hartmann J",1,"Hartmann J"
"Hartmann K",1,"Hartmann K"
"Harz H",1,"Harz H"
"Haselmann U",1,"Haselmann U"
"Hashimoto H",1,"Hashimoto H"
"Hassepass I",1,"Hassepass I"
"Hato SV",1,"Hato SV"
"Hau P",1,"Hau P"
"Haubner S",1,"Haubner S"
"Hausmann A",1,"Hausmann A"
"Havel L",1,"Havel L"
"Hawkes EA",1,"Hawkes EA"
"Hayani KM",1,"Hayani KM"
"Hazelett DJ",1,"Hazelett DJ"
"Hecker E",1,"Hecker E"
"Hegele A",1,"Hegele A"
"Heikenwalder M",1,"Heikenwalder M"
"Heikkilä P",1,"Heikkilä P"
"Heikkinen T",1,"Heikkinen T"
"Heiland I",1,"Heiland I"
"Heilmann C",1,"Heilmann C"
"Heilmann K",1,"Heilmann K"
"Heining C",1,"Heining C"
"Heinrich B",1,"Heinrich B"
"Heinzel T",1,"Heinzel T"
"Heinzmann F",1,"Heinzmann F"
"Held G",1,"Held G"
"Hellmann MD",1,"Hellmann MD"
"Hellwig A",1,"Hellwig A"
"Helmbold I",1,"Helmbold I"
"Helmchen B",1,"Helmchen B"
"Hemminki K",1,"Hemminki K"
"Hemminki O",1,"Hemminki O"
"Henderson M",1,"Henderson M"
"Henrion M",1,"Henrion M"
"Henry JY",1,"Henry JY"
"Hepp P",1,"Hepp P"
"Hepworth MR",1,"Hepworth MR"
"Herbel C",1,"Herbel C"
"Herberg M",1,"Herberg M"
"Herbert C",1,"Herbert C"
"Herbst F",1,"Herbst F"
"Herbst R",1,"Herbst R"
"Herbst RA",1,"Herbst RA"
"Herlyn M",1,"Herlyn M"
"Hermann E",1,"Hermann E"
"Hermann S",1,"Hermann S"
"Herold MJ",1,"Herold MJ"
"Herrmann E",1,"Herrmann E"
"Hertel A",1,"Hertel A"
"Hertenstein A",1,"Hertenstein A"
"Hess AK",1,"Hess AK"
"Hess EM",1,"Hess EM"
"Heß G",1,"Heß G"
"Hess J",1,"Hess J"
"Heublein S",1,"Heublein S"
"Heukamp L",1,"Heukamp L"
"Hewitt LC",1,"Hewitt LC"
"Hibma M",1,"Hibma M"
"Hiddemann W",1,"Hiddemann W"
"Hieke M",1,"Hieke M"
"Hienzsch A",1,"Hienzsch A"
"Hiernickel J",1,"Hiernickel J"
"High L",1,"High L"
"Hildenbrand G",1,"Hildenbrand G"
"Hiley CT",1,"Hiley CT"
"Hill AG",1,"Hill AG"
"Hinz S",1,"Hinz S"
"Hinz U",1,"Hinz U"
"Hirotani K",1,"Hirotani K"
"Hirsch FR",1,"Hirsch FR"
"Hirt C",1,"Hirt C"
"Hoang-Xuan K",1,"Hoang-Xuan K"
"Hoare M",1,"Hoare M"
"Hoellein A",1,"Hoellein A"
"Hoelscher A",1,"Hoelscher A"
"Hoelzer D",1,"Hoelzer D"
"Hoenicke L",1,"Hoenicke L"
"Hofele C",1,"Hofele C"
"Hoffend J",1,"Hoffend J"
"Hoffmann GF",1,"Hoffmann GF"
"Hoffmann I",1,"Hoffmann I"
"Hoffmann M",1,"Hoffmann M"
"Hoffmann MJ",1,"Hoffmann MJ"
"Hoffmann S",1,"Hoffmann S"
"Hoffmann TK",1,"Hoffmann TK"
"Hofheinz RD",1,"Hofheinz RD"
"Hofman V",1,"Hofman V"
"Hofmann K",1,"Hofmann K"
"Hofmann S",1,"Hofmann S"
"Hofmann W",1,"Hofmann W"
"Högel J",1,"Högel J"
"Hogg D",1,"Hogg D"
"Hoheisel J",1,"Hoheisel J"
"Hoheisel JD",1,"Hoheisel JD"
"Hohenberger P",1,"Hohenberger P"
"Hohmeyer A",1,"Hohmeyer A"
"Höing B",1,"Höing B"
"Holdenrieder S",1,"Holdenrieder S"
"Holenya P",1,"Holenya P"
"Holland JP",1,"Holland JP"
"Hollestelle A",1,"Hollestelle A"
"Holm PS",1,"Holm PS"
"Holmes PW",1,"Holmes PW"
"Holsinger FC",1,"Holsinger FC"
"Hölzel M",1,"Hölzel M"
"Hong J",1,"Hong J"
"Hooiveld GJ",1,"Hooiveld GJ"
"Hoon DS",1,"Hoon DS"
"Hooning M",1,"Hooning M"
"Hopp L",1,"Hopp L"
"Hopper JL",1,"Hopper JL"
"Hopper M",1,"Hopper M"
"Hör G",1,"Hör G"
"Horak P",1,"Horak P"
"Hori S",1,"Hori S"
"Horn S",1,"Horn S"
"Hornung HM",1,"Hornung HM"
"Horny HP",1,"Horny HP"
"Horton SJ",1,"Horton SJ"
"Hose D",1,"Hose D"
"Hotz-Wagenblatt A",1,"Hotz-Wagenblatt A"
"Hough R",1,"Hough R"
"Houghton PJ",1,"Houghton PJ"
"House C",1,"House C"
"Howat W",1,"Howat W"
"Hristova NR",1,"Hristova NR"
"Hsu C",1,"Hsu C"
"Hu F",1,"Hu F"
"Hu X",1,"Hu X"
"Hu Y",1,"Hu Y"
"Huang CS",1,"Huang CS"
"Hubalek M",1,"Hubalek M"
"Huber J",1,"Huber J"
"Huber MA",1,"Huber MA"
"Huber P",1,"Huber P"
"Huber PE",1,"Huber PE"
"Huber RM",1,"Huber RM"
"Hübscher U",1,"Hübscher U"
"Hübschmann D",1,"Hübschmann D"
"Hückelhoven A",1,"Hückelhoven A"
"Hügel C",1,"Hügel C"
"Hulleman E",1,"Hulleman E"
"Huober JB",1,"Huober JB"
"Hurt K",1,"Hurt K"
"Hurtz HJ",1,"Hurtz HJ"
"Hüser N",1,"Hüser N"
"Hüsing A",1,"Hüsing A"
"Hussong M",1,"Hussong M"
"Hutchins GG",1,"Hutchins GG"
"Hutterer GC",1,"Hutterer GC"
"Hüttmann A",1,"Hüttmann A"
"Hwu WJ",1,"Hwu WJ"
"Hynes SM",1,"Hynes SM"
"Ikezoe T",1,"Ikezoe T"
"Ikinciogullari A",1,"Ikinciogullari A"
"Ilovich O",1,"Ilovich O"
"Imbeaud S",1,"Imbeaud S"
"Inam IZ",1,"Inam IZ"
"Ingold Heppner B",1,"Ingold Heppner B"
"Inoue M",1,"Inoue M"
"Islam M",1,"Islam M"
"Isono M",1,"Isono M"
"Issa Y",1,"Issa Y"
"Ito Y",1,"Ito Y"
"Ivanyi P",1,"Ivanyi P"
"Iversen ES",1,"Iversen ES"
"Iwakawa R",1,"Iwakawa R"
"Jackson H",1,"Jackson H"
"Jackson S",1,"Jackson S"
"Jacquelot N",1,"Jacquelot N"
"Jaderberg M",1,"Jaderberg M"
"Jaeger E",1,"Jaeger E"
"Jaehde U",1,"Jaehde U"
"Jager D",1,"Jager D"
"Jahraus B",1,"Jahraus B"
"Jäkel C",1,"Jäkel C"
"Jallepalli P",1,"Jallepalli P"
"Jamal-Hanjani M",1,"Jamal-Hanjani M"
"Jameson MB",1,"Jameson MB"
"Jandaghi P",1,"Jandaghi P"
"Jandus C",1,"Jandus C"
"Jang SJ",1,"Jang SJ"
"Janni W",1,"Janni W"
"Janni W; SUCCESS Study Group",1,"Janni W; SUCCESS Study Group"
"Janssen J",1,"Janssen J"
"Jantzen H",1,"Jantzen H"
"Jayachandran A",1,"Jayachandran A"
"Jeffrey P",1,"Jeffrey P"
"Jegou S",1,"Jegou S"
"Jehle J",1,"Jehle J"
"Jentsch-Ullrich K",1,"Jentsch-Ullrich K"
"Jeremias I",1,"Jeremias I"
"Jeschke U",1,"Jeschke U"
"Jesinghaus M",1,"Jesinghaus M"
"Jespersen H",1,"Jespersen H"
"Ji P",1,"Ji P"
"Jiang J",1,"Jiang J"
"Joberty G",1,"Joberty G"
"Jochheim-Richter A",1,"Jochheim-Richter A"
"Joensuu T",1,"Joensuu T"
"Johansson M",1,"Johansson M"
"Johns TG",1,"Johns TG"
"Johnson DB",1,"Johnson DB"
"Johnson T",1,"Johnson T"
"Johnstone E",1,"Johnstone E"
"Jöhrens K",1,"Jöhrens K"
"Jones C",1,"Jones C"
"Jones D",1,"Jones D"
"Jones DT",1,"Jones DT"
"Jones GR",1,"Jones GR"
"Jordan K",1,"Jordan K"
"Jörg T",1,"Jörg T"
"Jückstock J",1,"Jückstock J"
"Juenger S",1,"Juenger S"
"Juhila J",1,"Juhila J"
"Jühling F",1,"Jühling F"
"Julie C",1,"Julie C"
"Jung G",1,"Jung G"
"Jungebluth P",1,"Jungebluth P"
"Juratli TA",1,"Juratli TA"
"Jurgeit H",1,"Jurgeit H"
"Jurincic C",1,"Jurincic C"
"Justenhoven C",1,"Justenhoven C"
"Justus CW",1,"Justus CW"
"Kaatz M",1,"Kaatz M"
"Kagan S",1,"Kagan S"
"Kähler K",1,"Kähler K"
"Kahloon M",1,"Kahloon M"
"Kairemo K",1,"Kairemo K"
"Kalayda GV",1,"Kalayda GV"
"Kalbitz M",1,"Kalbitz M"
"Kalfa TA",1,"Kalfa TA"
"Kanashova T",1,"Kanashova T"
"Kanerva A",1,"Kanerva A"
"Kang YK",1,"Kang YK"
"Kankainen M",1,"Kankainen M"
"Kany S",1,"Kany S"
"Karakaya K",1,"Karakaya K"
"Karakousis G",1,"Karakousis G"
"Karapanagiotou-Schenkel I",1,"Karapanagiotou-Schenkel I"
"Karbach J",1,"Karbach J"
"Karbiener M",1,"Karbiener M"
"Karns R",1,"Karns R"
"Karpel-Massler G",1,"Karpel-Massler G"
"Karpova D",1,"Karpova D"
"Kartenbeck J",1,"Kartenbeck J"
"Kasenda B",1,"Kasenda B"
"Kassambara A",1,"Kassambara A"
"Kasten-Pisula U",1,"Kasten-Pisula U"
"Kates RE",1,"Kates RE"
"Katus HA",1,"Katus HA"
"Kaufman HL",1,"Kaufman HL"
"Kaufman T",1,"Kaufman T"
"Kaulfuss S",1,"Kaulfuss S"
"Kautz N",1,"Kautz N"
"Kawano Y",1,"Kawano Y"
"Kayser C",1,"Kayser C"
"Kayser S",1,"Kayser S"
"Keck B",1,"Keck B"
"Kees UR",1,"Kees UR"
"Kefford R",1,"Kefford R"
"Keiser O",1,"Keiser O"
"Keller C",1,"Keller C"
"Kellner KH",1,"Kellner KH"
"Keppler S",1,"Keppler S"
"Keppner-Witter S",1,"Keppner-Witter S"
"Kerber C",1,"Kerber C"
"Kerick M",1,"Kerick M"
"Kerr G",1,"Kerr G"
"Kerr K",1,"Kerr K"
"Kershaw MH",1,"Kershaw MH"
"Keskin DB",1,"Keskin DB"
"Kessler T",1,"Kessler T"
"Ketterer K",1,"Ketterer K"
"Kfoury A",1,"Kfoury A"
"Khan AR",1,"Khan AR"
"Khan S",1,"Khan S"
"Khandelwal N",1,"Khandelwal N"
"Khoder W",1,"Khoder W"
"Khusnutdinova E",1,"Khusnutdinova E"
"Kiefer J",1,"Kiefer J"
"Kiehl A",1,"Kiehl A"
"Kiesel B",1,"Kiesel B"
"Kiesslich T",1,"Kiesslich T"
"Kilian M",1,"Kilian M"
"Kim J",1,"Kim J"
"Kim JY",1,"Kim JY"
"Kim SR",1,"Kim SR"
"Kim TY",1,"Kim TY"
"Kimura R",1,"Kimura R"
"King RW",1,"King RW"
"Kinnersley B",1,"Kinnersley B"
"Kinscherf R",1,"Kinscherf R"
"Kirchner M",1,"Kirchner M"
"Kirilov M",1,"Kirilov M"
"Kischel R",1,"Kischel R"
"Kiweler N",1,"Kiweler N"
"Kiyose M",1,"Kiyose M"
"Klapproth E",1,"Klapproth E"
"Klar E",1,"Klar E"
"Klar R",1,"Klar R"
"Klauck SM",1,"Klauck SM"
"Klaus S",1,"Klaus S"
"Kleist C",1,"Kleist C"
"Klemke CD",1,"Klemke CD"
"Klemke M",1,"Klemke M"
"Klermund J",1,"Klermund J"
"Klingeberg C",1,"Klingeberg C"
"Klinghammer K",1,"Klinghammer K"
"Klingmüller U",1,"Klingmüller U"
"Klink B",1,"Klink B"
"Klinke O",1,"Klinke O"
"Klinker E",1,"Klinker E"
"Klopp M",1,"Klopp M"
"Klöppel G",1,"Klöppel G"
"Kloss L",1,"Kloss L"
"Klug P",1,"Klug P"
"Knackmuss S",1,"Knackmuss S"
"Knecht R",1,"Knecht R"
"Kneip N",1,"Kneip N"
"Kniemeyer O",1,"Kniemeyer O"
"Knight S",1,"Knight S"
"Knop J",1,"Knop J"
"Knorr J",1,"Knorr J"
"Ko Y",1,"Ko Y"
"Koay HF",1,"Koay HF"
"Kobbe G",1,"Kobbe G"
"Koch J",1,"Koch J"
"Koch U",1,"Koch U"
"Kochanek M",1,"Kochanek M"
"Kocovski P",1,"Kocovski P"
"Koeffler HP",1,"Koeffler HP"
"Koehl U",1,"Koehl U"
"Koehler BC",1,"Koehler BC"
"Kogan-Sakin I",1,"Kogan-Sakin I"
"Kohlhäufl M",1,"Kohlhäufl M"
"Kohno T",1,"Kohno T"
"Koifman G",1,"Koifman G"
"Kokai E",1,"Kokai E"
"Kolanus W",1,"Kolanus W"
"Kolberg HC",1,"Kolberg HC"
"Kolk A",1,"Kolk A"
"Koll F",1,"Koll F"
"Kollmeier J",1,"Kollmeier J"
"Komander D",1,"Komander D"
"Kong BY",1,"Kong BY"
"König R",1,"König R"
"Konkimalla VB",1,"Konkimalla VB"
"Konotop G",1,"Konotop G"
"Konstandin MH",1,"Konstandin MH"
"Konstantinidis DG",1,"Konstantinidis DG"
"Konstantinov IE",1,"Konstantinov IE"
"Konstantinov S",1,"Konstantinov S"
"Kool M",1,"Kool M"
"Koomägi R",1,"Koomägi R"
"Koonin EV",1,"Koonin EV"
"Koop A",1,"Koop A"
"Kopitz J",1,"Kopitz J"
"Korbel JO",1,"Korbel JO"
"Korc M",1,"Korc M"
"Kordaß T",1,"Kordaß T"
"Körholz D",1,"Körholz D"
"Körholz K",1,"Körholz K"
"Kornek T",1,"Kornek T"
"Körner D",1,"Körner D"
"Körner S",1,"Körner S"
"Kornhuber B",1,"Kornhuber B"
"Kortmann RD",1,"Kortmann RD"
"Korzeniewski N",1,"Korzeniewski N"
"Kos Z",1,"Kos Z"
"Koshiol J",1,"Koshiol J"
"Koski A",1,"Koski A"
"Köster J",1,"Köster J"
"Kotapati S",1,"Kotapati S"
"Kotsuma M",1,"Kotsuma M"
"Kouzarides T",1,"Kouzarides T"
"Krämer B",1,"Krämer B"
"Kramer M",1,"Kramer M"
"Kramer MD",1,"Kramer MD"
"Krämer OH",1,"Krämer OH"
"Kramer W",1,"Kramer W"
"Kranz D",1,"Kranz D"
"Krappmann D",1,"Krappmann D"
"Kratochwil C",1,"Kratochwil C"
"Krause SW",1,"Krause SW"
"Krauss J",1,"Krauss J"
"Krebs A",1,"Krebs A"
"Kreft S",1,"Kreft S"
"Kreipe HH",1,"Kreipe HH"
"Krenacs T",1,"Krenacs T"
"Krepler C",1,"Krepler C"
"Kreppel F",1,"Kreppel F"
"Kreutzer C",1,"Kreutzer C"
"Krewer A",1,"Krewer A"
"Kriegs M",1,"Kriegs M"
"Kriegsmann J",1,"Kriegsmann J"
"Kroemer G",1,"Kroemer G"
"Kröger N",1,"Kröger N"
"Krones-Herzig A",1,"Krones-Herzig A"
"Kronmüller MT",1,"Kronmüller MT"
"Kropp S",1,"Kropp S"
"Kros JM",1,"Kros JM"
"Krufczik M",1,"Krufczik M"
"Krüger J",1,"Krüger J"
"Krüger JA",1,"Krüger JA"
"Kruip J",1,"Kruip J"
"Krzykalla J",1,"Krzykalla J"
"Ku M",1,"Ku M"
"Kubasch AS",1,"Kubasch AS"
"Kuchen EE",1,"Kuchen EE"
"Kuchroo VK",1,"Kuchroo VK"
"Kudo M",1,"Kudo M"
"Kueh A",1,"Kueh A"
"Kuehlcke K",1,"Kuehlcke K"
"Kuehn JJ",1,"Kuehn JJ"
"Kuenzli E",1,"Kuenzli E"
"Kufer P",1,"Kufer P"
"Kugler C",1,"Kugler C"
"Kuhfeldt E",1,"Kuhfeldt E"
"Kuhlmann JD",1,"Kuhlmann JD"
"Kuhmann C",1,"Kuhmann C"
"Kuhn C",1,"Kuhn C"
"Kühnel F",1,"Kühnel F"
"Kulozik AE",1,"Kulozik AE"
"Kumar R",1,"Kumar R"
"Kumar S",1,"Kumar S"
"Kumbrink J",1,"Kumbrink J"
"Kunkel H",1,"Kunkel H"
"Künkele A",1,"Künkele A"
"Kunz P",1,"Kunz P"
"Kurgyis Z",1,"Kurgyis Z"
"Kurmasheva RT",1,"Kurmasheva RT"
"Kurscheid S",1,"Kurscheid S"
"Kurtz SE",1,"Kurtz SE"
"Kuru TH",1,"Kuru TH"
"Kuske M",1,"Kuske M"
"Kvaskoff M",1,"Kvaskoff M"
"Kvasnicka HM",1,"Kvasnicka HM"
"Kwek SS",1,"Kwek SS"
"Kwiecien R",1,"Kwiecien R"
"Kwon BS",1,"Kwon BS"
"Kyriss T",1,"Kyriss T"
"La Vecchia C",1,"La Vecchia C"
"Laban S",1,"Laban S"
"Labopin M",1,"Labopin M"
"Lahoti J",1,"Lahoti J"
"Lahrmann B",1,"Lahrmann B"
"Laitinen I",1,"Laitinen I"
"Lakshmipathi S",1,"Lakshmipathi S"
"Lam EY",1,"Lam EY"
"Lammers T",1,"Lammers T"
"Lamprecht F",1,"Lamprecht F"
"Lamprecht M",1,"Lamprecht M"
"Landan G",1,"Landan G"
"Landsberg J",1,"Landsberg J"
"Lang BM",1,"Lang BM"
"Lang KS",1,"Lang KS"
"Lang L",1,"Lang L"
"Lange C",1,"Lange C"
"Lange L",1,"Lange L"
"Langley RE",1,"Langley RE"
"Lankester A",1,"Lankester A"
"Lantuéjoul S",1,"Lantuéjoul S"
"Lao C",1,"Lao C"
"Lao JC",1,"Lao JC"
"Laplana M",1,"Laplana M"
"Lappas M",1,"Lappas M"
"Lardon F",1,"Lardon F"
"Lastra R",1,"Lastra R"
"Lathrop M",1,"Lathrop M"
"Latteyer S",1,"Latteyer S"
"Lau-Werner U",1,"Lau-Werner U"
"Laudato S",1,"Laudato S"
"Lauer UM",1,"Lauer UM"
"Laufer S",1,"Laufer S"
"Lavi S",1,"Lavi S"
"Lawrence DP",1,"Lawrence DP"
"Lawrenson K",1,"Lawrenson K"
"Layer JP",1,"Layer JP"
"Le Chevalier T",1,"Le Chevalier T"
"Le DT",1,"Le DT"
"Le Gall F",1,"Le Gall F"
"Leal-Rojas P",1,"Leal-Rojas P"
"Leber MF",1,"Leber MF"
"Lebrun-Vignes B",1,"Lebrun-Vignes B"
"Lecanda F",1,"Lecanda F"
"Lee CC",1,"Lee CC"
"Lee J",1,"Lee J"
"Lee JH",1,"Lee JH"
"Lee JM",1,"Lee JM"
"Lee K",1,"Lee K"
"Lee KW",1,"Lee KW"
"Lee PC",1,"Lee PC"
"Lee SB",1,"Lee SB"
"Legenstein ML",1,"Legenstein ML"
"Lehner B",1,"Lehner B"
"Lehner PJ",1,"Lehner PJ"
"Lehrnbecher T",1,"Lehrnbecher T"
"Lei T",1,"Lei T"
"Leichsenring J",1,"Leichsenring J"
"Leighl N",1,"Leighl N"
"Leipe J",1,"Leipe J"
"Leisegang M",1,"Leisegang M"
"Leiter U",1,"Leiter U"
"Leithäuser F",1,"Leithäuser F"
"Leitner L",1,"Leitner L"
"Leleu M",1,"Leleu M"
"Leleu X",1,"Leleu X"
"Lemke D",1,"Lemke D"
"Lena H",1,"Lena H"
"Lennerz V",1,"Lennerz V"
"Lenze D",1,"Lenze D"
"Leonhardt H",1,"Leonhardt H"
"Lessel D",1,"Lessel D"
"Leventer RJ",1,"Leventer RJ"
"Levi F",1,"Levi F"
"Levin S",1,"Levin S"
"Levis MJ",1,"Levis MJ"
"Lewis K",1,"Lewis K"
"Leyh JC",1,"Leyh JC"
"Li D",1,"Li D"
"Li H",1,"Li H"
"Li Q",1,"Li Q"
"Li R",1,"Li R"
"Li S",1,"Li S"
"Liang Y",1,"Liang Y"
"Liau L",1,"Liau L"
"Lichinitser M",1,"Lichinitser M"
"Lichtenegger W",1,"Lichtenegger W"
"Lieverst JA",1,"Lieverst JA"
"Liikanen I",1,"Liikanen I"
"Liliensiek B",1,"Liliensiek B"
"Lim R",1,"Lim R"
"Lin A",1,"Lin A"
"Lin CS",1,"Lin CS"
"Lin FG",1,"Lin FG"
"Lin W",1,"Lin W"
"Lin X",1,"Lin X"
"Linares J",1,"Linares J"
"Lindberg MF",1,"Lindberg MF"
"Linder N",1,"Linder N"
"Lindner M",1,"Lindner M"
"Lindner S",1,"Lindner S"
"Linette GP",1,"Linette GP"
"Linge A",1,"Linge A"
"Linnebacher M",1,"Linnebacher M"
"Lion E",1,"Lion E"
"Lise M",1,"Lise M"
"Lisson C",1,"Lisson C"
"Little M",1,"Little M"
"Littlewood T",1,"Littlewood T"
"Liu C",1,"Liu C"
"Liu D",1,"Liu D"
"Liu G",1,"Liu G"
"Liu L",1,"Liu L"
"Liu Q",1,"Liu Q"
"Liu YC",1,"Liu YC"
"Lloyd A",1,"Lloyd A"
"Lo CY",1,"Lo CY"
"Lo PH",1,"Lo PH"
"Locatelli F",1,"Locatelli F"
"Lock RB",1,"Lock RB"
"Lockhart PJ",1,"Lockhart PJ"
"Loeffler-Wirth H",1,"Loeffler-Wirth H"
"Loeffler M",1,"Loeffler M"
"Loewe-Mesch A",1,"Loewe-Mesch A"
"Löffler H",1,"Löffler H"
"Loh L",1,"Loh L"
"Lohaus F",1,"Lohaus F"
"Lohr J",1,"Lohr J"
"Loibl S",1,"Loibl S"
"Lollies A",1,"Lollies A"
"Lomax AJ",1,"Lomax AJ"
"Lonsdorf AS",1,"Lonsdorf AS"
"Loosen S",1,"Loosen S"
"Lopez-Carillo L",1,"Lopez-Carillo L"
"López-Luque J",1,"López-Luque J"
"Lopez-Mosqueda J",1,"Lopez-Mosqueda J"
"Lopez Perez R",1,"Lopez Perez R"
"Lordick F",1,"Lordick F"
"Lorentzen A",1,"Lorentzen A"
"Lorenz H",1,"Lorenz H"
"Lorenz R",1,"Lorenz R"
"Lorenz S",1,"Lorenz S"
"Löschmann N",1,"Löschmann N"
"Loskog A",1,"Loskog A"
"Loth S",1,"Loth S"
"Lotz-Havla AS",1,"Lotz-Havla AS"
"Low JT",1,"Low JT"
"Löw S",1,"Löw S"
"Lowe J",1,"Lowe J"
"Lu M",1,"Lu M"
"Lub S",1,"Lub S"
"Lübcke S",1,"Lübcke S"
"Luben R",1,"Luben R"
"Lucchini G",1,"Lucchini G"
"Ludwig KU",1,"Ludwig KU"
"Luedde M",1,"Luedde M"
"Lüers GH",1,"Lüers GH"
"Lüftner D",1,"Lüftner D"
"Luke B",1,"Luke B"
"Lundin J",1,"Lundin J"
"Lundqvist A",1,"Lundqvist A"
"Lutz D",1,"Lutz D"
"Lutz MP",1,"Lutz MP"
"Lux MP",1,"Lux MP"
"Lyngaa R",1,"Lyngaa R"
"Machado I",1,"Machado I"
"Machiraju D",1,"Machiraju D"
"Machlenkin A",1,"Machlenkin A"
"Machon C",1,"Machon C"
"Mackay LK",1,"Mackay LK"
"Mackensen A",1,"Mackensen A"
"Mackiewicz A",1,"Mackiewicz A"
"Maecke HR",1,"Maecke HR"
"Maeda Y",1,"Maeda Y"
"Maes A",1,"Maes A"
"Maes K",1,"Maes K"
"Maga G",1,"Maga G"
"Mahboobi S",1,"Mahboobi S"
"Mahendrarajah N",1,"Mahendrarajah N"
"Mahnke K",1,"Mahnke K"
"Mahon FX",1,"Mahon FX"
"Maida A",1,"Maida A"
"Mairinger FD",1,"Mairinger FD"
"Makarevi J",1,"Makarevi J"
"Makarevic J",1,"Makarevic J"
"Makrigiannakis A",1,"Makrigiannakis A"
"Malek NP",1,"Malek NP"
"Malfettone A",1,"Malfettone A"
"Mall MA",1,"Mall MA"
"Mall S",1,"Mall S"
"Manapov F",1,"Manapov F"
"Mandalà M",1,"Mandalà M"
"Mangan NE",1,"Mangan NE"
"Mangana J",1,"Mangana J"
"Mani J",1,"Mani J"
"Mannewitz M",1,"Mannewitz M"
"Männle D",1,"Männle D"
"Mantovani A",1,"Mantovani A"
"Mao Y",1,"Mao Y"
"Marabelle A",1,"Marabelle A"
"Marafioti T",1,"Marafioti T"
"Marchetti MA",1,"Marchetti MA"
"Marcq E",1,"Marcq E"
"Maresch R",1,"Maresch R"
"Marie JC",1,"Marie JC"
"Marier JF",1,"Marier JF"
"Marinovic-Terzic I",1,"Marinovic-Terzic I"
"Markert A",1,"Markert A"
"Marks JR",1,"Marks JR"
"Markus M",1,"Markus M"
"Marosi C",1,"Marosi C"
"Marschalek R",1,"Marschalek R"
"Marschner JP",1,"Marschner JP"
"Marsh K",1,"Marsh K"
"Märten A",1,"Märten A"
"Martens U",1,"Martens U"
"Martin K",1,"Martin K"
"Martinez Monge R",1,"Martinez Monge R"
"Martus P",1,"Martus P"
"Masamune A",1,"Masamune A"
"Mason WP",1,"Mason WP"
"Matheis F",1,"Matheis F"
"Matheson NJ",1,"Matheson NJ"
"Matikainen S",1,"Matikainen S"
"Mattheyer C",1,"Mattheyer C"
"Mattiello A",1,"Mattiello A"
"Mattson P",1,"Mattson P"
"Mauer M",1,"Mauer M"
"Maul LV",1,"Maul LV"
"Maurer GD",1,"Maurer GD"
"Maurer S",1,"Maurer S"
"Maute L",1,"Maute L"
"Mauz-Körholz C",1,"Mauz-Körholz C"
"Maxeiner S",1,"Maxeiner S"
"Mayer C",1,"Mayer C"
"Mayr C",1,"Mayr C"
"McArthur GA",1,"McArthur GA"
"McClanahan F",1,"McClanahan F"
"McDonald CF",1,"McDonald CF"
"McGee EE",1,"McGee EE"
"McGlynn KA",1,"McGlynn KA"
"McGranahan N",1,"McGranahan N"
"McKay JD",1,"McKay JD"
"McKenna WG",1,"McKenna WG"
"McKenzie ANJ",1,"McKenzie ANJ"
"McNeil CM",1,"McNeil CM"
"Meduri E",1,"Meduri E"
"Meehan B",1,"Meehan B"
"Meeths M",1,"Meeths M"
"Mehnert JM",1,"Mehnert JM"
"Meijers H",1,"Meijers H"
"Meinel J",1,"Meinel J"
"Meinhardt M",1,"Meinhardt M"
"Meirow Y",1,"Meirow Y"
"Meiss F",1,"Meiss F"
"Meister M",1,"Meister M"
"Melchers S",1,"Melchers S"
"Melotte V",1,"Melotte V"
"Mendomo A",1,"Mendomo A"
"Mendoza-Parra MA",1,"Mendoza-Parra MA"
"Ménétrier-Caux C",1,"Ménétrier-Caux C"
"Menon S",1,"Menon S"
"Menu E",1,"Menu E"
"Menzel H",1,"Menzel H"
"Menzer C",1,"Menzer C"
"Meredyth-Stewart M",1,"Meredyth-Stewart M"
"Merghoub T",1,"Merghoub T"
"Merz KH",1,"Merz KH"
"Messaoudene M",1,"Messaoudene M"
"Mestitz H",1,"Mestitz H"
"Metcalfe DD",1,"Metcalfe DD"
"Metzeler KH",1,"Metzeler KH"
"Metzner M",1,"Metzner M"
"Meyenburg S",1,"Meyenburg S"
"Meyer PT",1,"Meyer PT"
"Meyer T",1,"Meyer T"
"Meyts I",1,"Meyts I"
"Miao L",1,"Miao L"
"Michael M",1,"Michael M"
"Michailidou K",1,"Michailidou K"
"Michalski CW",1,"Michalski CW"
"Michel J",1,"Michel J"
"Michels T",1,"Michels T"
"Mielke LA",1,"Mielke LA"
"Mier W",1,"Mier W"
"Milanovic M",1,"Milanovic M"
"Milde-Langosch K",1,"Milde-Langosch K"
"Mildenberger I",1,"Mildenberger I"
"Miller CW",1,"Miller CW"
"Miller K",1,"Miller K"
"Miller S",1,"Miller S"
"Mills JK",1,"Mills JK"
"Milsom MD",1,"Milsom MD"
"Minor D",1,"Minor D"
"Misra T",1,"Misra T"
"Mittelbronn M",1,"Mittelbronn M"
"Mitter R",1,"Mitter R"
"Mocciaro A",1,"Mocciaro A"
"Mockel-Tenbrink N",1,"Mockel-Tenbrink N"
"Moco S",1,"Moco S"
"Modest DP",1,"Modest DP"
"Moehlenbrink J",1,"Moehlenbrink J"
"Moehler MH",1,"Moehler MH"
"Moehrle BM",1,"Moehrle BM"
"Moeslein G",1,"Moeslein G"
"Mohammad A",1,"Mohammad A"
"Mohapatra SR",1,"Mohapatra SR"
"Möhle R",1,"Möhle R"
"Mohr H",1,"Mohr H"
"Molania R",1,"Molania R"
"Molchadsky A",1,"Molchadsky A"
"Moldenhauer G",1,"Moldenhauer G"
"Molina TJ",1,"Molina TJ"
"Moll I",1,"Moll I"
"Monast A",1,"Monast A"
"Moniuszko M",1,"Moniuszko M"
"Moniz S",1,"Moniz S"
"Mönke G",1,"Mönke G"
"Monteiro Barbosa IA",1,"Monteiro Barbosa IA"
"Monticelli LA",1,"Monticelli LA"
"Montserrat E",1,"Montserrat E"
"Mora J",1,"Mora J"
"Moreaux J",1,"Moreaux J"
"Moreno-Càceres J",1,"Moreno-Càceres J"
"Morgens DW",1,"Morgens DW"
"Morgner A",1,"Morgner A"
"Morik K",1,"Morik K"
"Mornex F",1,"Mornex F"
"Morse M",1,"Morse M"
"Mortier L",1,"Mortier L"
"Moschetta M",1,"Moschetta M"
"Moskovszky L",1,"Moskovszky L"
"Moss J",1,"Moss J"
"Mössner R",1,"Mössner R"
"Mountain AJ",1,"Mountain AJ"
"Mousavi M",1,"Mousavi M"
"Mroueh MA",1,"Mroueh MA"
"Muciek M",1,"Muciek M"
"Mücke O",1,"Mücke O"
"Muckenhuber A",1,"Muckenhuber A"
"Mudigonda T",1,"Mudigonda T"
"Muehlbeyer S",1,"Muehlbeyer S"
"Müer A",1,"Müer A"
"Mughal SS",1,"Mughal SS"
"Muhammad N",1,"Muhammad N"
"Mühlebach MD",1,"Mühlebach MD"
"Mulcahy Levy JM",1,"Mulcahy Levy JM"
"Muley T",1,"Muley T"
"Müller-Hermelink HK",1,"Müller-Hermelink HK"
"Müller-Holzner E",1,"Müller-Holzner E"
"Müller AJ",1,"Müller AJ"
"Müller H",1,"Müller H"
"Müller K",1,"Müller K"
"Müller LP",1,"Müller LP"
"Müller V",1,"Müller V"
"Müllhaupt B",1,"Müllhaupt B"
"Muntasell A",1,"Muntasell A"
"Murone C",1,"Murone C"
"Murugaesu N",1,"Murugaesu N"
"Musa J",1,"Musa J"
"Muschel RJ",1,"Muschel RJ"
"Mustafa M",1,"Mustafa M"
"Muth D",1,"Muth D"
"Mynarek M",1,"Mynarek M"
"Nabieva N",1,"Nabieva N"
"Nagayasu T",1,"Nagayasu T"
"Nagibin V",1,"Nagibin V"
"Nahid A",1,"Nahid A"
"Nair J",1,"Nair J"
"Najafabadi HS",1,"Najafabadi HS"
"Nakagawa K",1,"Nakagawa K"
"Nakamura K",1,"Nakamura K"
"Namgaladze D",1,"Namgaladze D"
"Nankivell M",1,"Nankivell M"
"Naomoto Y",1,"Naomoto Y"
"Narita M",1,"Narita M"
"Natarajan A",1,"Natarajan A"
"Nathan P",1,"Nathan P"
"Natsheh I",1,"Natsheh I"
"Nattamai K",1,"Nattamai K"
"Nault JC",1,"Nault JC"
"Naumann R",1,"Naumann R"
"Naundorf S",1,"Naundorf S"
"Navrozoglou I",1,"Navrozoglou I"
"Neely J",1,"Neely J"
"Neftel C",1,"Neftel C"
"Neitz J",1,"Neitz J"
"Nekolla S",1,"Nekolla S"
"Nelson PJ",1,"Nelson PJ"
"Neoptolemos JP",1,"Neoptolemos JP"
"Nersisyan L",1,"Nersisyan L"
"Neuber B",1,"Neuber B"
"Neuenhahn M",1,"Neuenhahn M"
"Neuwald AF",1,"Neuwald AF"
"Nevanlinna H",1,"Nevanlinna H"
"Nghiem P",1,"Nghiem P"
"Nickerson DW",1,"Nickerson DW"
"Nicolay B",1,"Nicolay B"
"Nicolay NH",1,"Nicolay NH"
"Nicolson M",1,"Nicolson M"
"Niegisch G",1,"Niegisch G"
"Niesen A",1,"Niesen A"
"Niethammer AG",1,"Niethammer AG"
"Nikolova T",1,"Nikolova T"
"Nilsson L",1,"Nilsson L"
"Nilsson LM",1,"Nilsson LM"
"Nindl I",1,"Nindl I"
"Nishikawa R",1,"Nishikawa R"
"Nitschke K",1,"Nitschke K"
"Nitschke L",1,"Nitschke L"
"Nix W",1,"Nix W"
"Noessner E",1,"Noessner E"
"Noguchi M",1,"Noguchi M"
"Nogueira L",1,"Nogueira L"
"Nolte I",1,"Nolte I"
"Noltes J",1,"Noltes J"
"Noori T",1,"Noori T"
"Norris F",1,"Norris F"
"Northcott P",1,"Northcott P"
"Novello S",1,"Novello S"
"Nowak D",1,"Nowak D"
"Nowaz S",1,"Nowaz S"
"Nuebling T",1,"Nuebling T"
"Nüsse B",1,"Nüsse B"
"Nussler AK",1,"Nussler AK"
"Nwosu ZC",1,"Nwosu ZC"
"Ny L",1,"Ny L"
"O'Connor L",1,"O'Connor L"
"O'Connor T",1,"O'Connor T"
"O'Donnell JS",1,"O'Donnell JS"
"O'Malley J",1,"O'Malley J"
"O'Reilly LA",1,"O'Reilly LA"
"Ochs K",1,"Ochs K"
"Ochsenreither S",1,"Ochsenreither S"
"Odefrey FA",1,"Odefrey FA"
"Odendahl M",1,"Odendahl M"
"Odenthal M",1,"Odenthal M"
"Odersky A",1,"Odersky A"
"Oehler J",1,"Oehler J"
"Oellerich MF",1,"Oellerich MF"
"Oertel R",1,"Oertel R"
"Oksanen M",1,"Oksanen M"
"Oktay Y",1,"Oktay Y"
"Olguín-Contreras LF",1,"Olguín-Contreras LF"
"Öllinger R",1,"Öllinger R"
"Opatz T",1,"Opatz T"
"Opitz A",1,"Opitz A"
"Opitz CA",1,"Opitz CA"
"Ortigao A",1,"Ortigao A"
"Osaki H",1,"Osaki H"
"Osborne LC",1,"Osborne LC"
"Osen W",1,"Osen W"
"Osswald H",1,"Osswald H"
"Osswald M",1,"Osswald M"
"Osterland M",1,"Osterland M"
"Ostrouska S",1,"Ostrouska S"
"Otsuka S",1,"Otsuka S"
"Ott G",1,"Ott G"
"Ott I",1,"Ott I"
"Overkamp F",1,"Overkamp F"
"Overvad K",1,"Overvad K"
"Ozcan M",1,"Ozcan M"
"Özduman K",1,"Özduman K"
"Pacini G",1,"Pacini G"
"Pahernik SA",1,"Pahernik SA"
"Pajtler KW",1,"Pajtler KW"
"Palis J",1,"Palis J"
"Palli D",1,"Palli D"
"Palopoli N",1,"Palopoli N"
"Pamir MN",1,"Pamir MN"
"Pampaloni F",1,"Pampaloni F"
"Pandey A",1,"Pandey A"
"Pankert T",1,"Pankert T"
"Panse J",1,"Panse J"
"Pantel K",1,"Pantel K"
"Pantsar T",1,"Pantsar T"
"Papadakis AI",1,"Papadakis AI"
"Papapanagiotou M",1,"Papapanagiotou M"
"Parczyk K",1,"Parczyk K"
"Pardon K",1,"Pardon K"
"Park M",1,"Park M"
"Park SH",1,"Park SH"
"Parrens M",1,"Parrens M"
"Parry AJ",1,"Parry AJ"
"Partanen K",1,"Partanen K"
"Pasam A",1,"Pasam A"
"Paschen A",1,"Paschen A"
"Passmann S",1,"Passmann S"
"Patchen ML",1,"Patchen ML"
"Pathil A",1,"Pathil A"
"Pathmaraj K",1,"Pathmaraj K"
"Patil N",1,"Patil N"
"Patten DA",1,"Patten DA"
"Paul C",1,"Paul C"
"Pauwels P",1,"Pauwels P"
"Pawlita M",1,"Pawlita M"
"Payan MJ",1,"Payan MJ"
"Pe'er D",1,"Pe'er D"
"Pearce EL",1,"Pearce EL"
"Pechloff K",1,"Pechloff K"
"Peeters M",1,"Peeters M"
"Pehserl AM",1,"Pehserl AM"
"Pellegrino R",1,"Pellegrino R"
"Perego M",1,"Perego M"
"Pereira G",1,"Pereira G"
"Persigehl T",1,"Persigehl T"
"Pesch B",1,"Pesch B"
"Peschke P",1,"Peschke P"
"Peterlongo P",1,"Peterlongo P"
"Peters A",1,"Peters A"
"Peters C",1,"Peters C"
"Petersen AB",1,"Petersen AB"
"Petersen C",1,"Petersen C"
"Petersen I",1,"Petersen I"
"Petrone P",1,"Petrone P"
"Pfannstil C",1,"Pfannstil C"
"Pfeifer M",1,"Pfeifer M"
"Pfeiffer C",1,"Pfeiffer C"
"Pfeiffer RM",1,"Pfeiffer RM"
"Pfirschke C",1,"Pfirschke C"
"Pföhler C",1,"Pföhler C"
"Pfreundschuh M",1,"Pfreundschuh M"
"Pfütze K",1,"Pfütze K"
"Pharoah PDP",1,"Pharoah PDP"
"Philipp M",1,"Philipp M"
"Philipson L",1,"Philipson L"
"Phillips E",1,"Phillips E"
"Pichler M",1,"Pichler M"
"Pico de Coaña Y",1,"Pico de Coaña Y"
"Pierce RJ",1,"Pierce RJ"
"Pierl CB",1,"Pierl CB"
"Pigorsch S",1,"Pigorsch S"
"Pikarsky E",1,"Pikarsky E"
"Pillai RN",1,"Pillai RN"
"Pinkerneil M",1,"Pinkerneil M"
"Pinto-Garcia L",1,"Pinto-Garcia L"
"Pirker R",1,"Pirker R"
"Piro RM",1,"Piro RM"
"Plate KH",1,"Plate KH"
"Platzbecker U",1,"Platzbecker U"
"Plebanski M",1,"Plebanski M"
"Pledl HW",1,"Pledl HW"
"Plotz G",1,"Plotz G"
"Pluzanski A",1,"Pluzanski A"
"Podola L",1,"Podola L"
"Poeschl J",1,"Poeschl J"
"Poggio T",1,"Poggio T"
"Poirey R",1,"Poirey R"
"Pollard SM",1,"Pollard SM"
"Pope K",1,"Pope K"
"Porteus M",1,"Porteus M"
"Poso A",1,"Poso A"
"Post S",1,"Post S"
"Potente M",1,"Potente M"
"Poterie A",1,"Poterie A"
"Pouniotis DS",1,"Pouniotis DS"
"Prasad S",1,"Prasad S"
"Preaudet A",1,"Preaudet A"
"Prechtl S",1,"Prechtl S"
"Prescher H",1,"Prescher H"
"Prevo R",1,"Prevo R"
"Priha P",1,"Priha P"
"Prince EW",1,"Prince EW"
"Prinjha RK",1,"Prinjha RK"
"Prinz F",1,"Prinz F"
"Prithviraj P",1,"Prithviraj P"
"Pritsch M",1,"Pritsch M"
"Probst M",1,"Probst M"
"Proschak E",1,"Proschak E"
"Prows DR",1,"Prows DR"
"Przybilla J",1,"Przybilla J"
"Puccio L",1,"Puccio L"
"Pusch S",1,"Pusch S"
"Pushkaran S",1,"Pushkaran S"
"Putoczki TL",1,"Putoczki TL"
"Putwain S",1,"Putwain S"
"Puzanov I",1,"Puzanov I"
"Pylkäs K",1,"Pylkäs K"
"Quaas A",1,"Quaas A"
"Quaratino S",1,"Quaratino S"
"Quast T",1,"Quast T"
"Quilhot P",1,"Quilhot P"
"Quoix E",1,"Quoix E"
"Raab MS",1,"Raab MS"
"Rack B",1,"Rack B"
"Rad R",1,"Rad R"
"Radice P",1,"Radice P"
"Radtke F",1,"Radtke F"
"Rafei-Shamsabadi D",1,"Rafei-Shamsabadi D"
"Raffel S",1,"Raffel S"
"Rafnar T",1,"Rafnar T"
"Rahn W",1,"Rahn W"
"Rajewsky K",1,"Rajewsky K"
"Rajky O",1,"Rajky O"
"Raleigh JM",1,"Raleigh JM"
"Ramirez Molina C",1,"Ramirez Molina C"
"Ramos E",1,"Ramos E"
"Ramskov S",1,"Ramskov S"
"Ranki T",1,"Ranki T"
"Räse S",1,"Räse S"
"Rathmell WK",1,"Rathmell WK"
"Rauch A",1,"Rauch A"
"Rauschenberg R",1,"Rauschenberg R"
"Rave-Fränk M",1,"Rave-Fränk M"
"Ready NE",1,"Ready NE"
"Reckamp KL",1,"Reckamp KL"
"Reder S",1,"Reder S"
"Rehage M",1,"Rehage M"
"Rehkämper T",1,"Rehkämper T"
"Reich TR",1,"Reich TR"
"Reifenberger G",1,"Reifenberger G"
"Reimann M",1,"Reimann M"
"Reinhardt HC",1,"Reinhardt HC"
"Reinold S",1,"Reinold S"
"Reis-Filho J",1,"Reis-Filho J"
"Reis H",1,"Reis H"
"Reisfeld RA",1,"Reisfeld RA"
"Reiter A",1,"Reiter A"
"Relja B",1,"Relja B"
"Remke M",1,"Remke M"
"Rempel E",1,"Rempel E"
"Renner M",1,"Renner M"
"Resel M",1,"Resel M"
"Ress AL",1,"Ress AL"
"Reusch U",1,"Reusch U"
"Reyes-Aldasoro CC",1,"Reyes-Aldasoro CC"
"Rhenius V",1,"Rhenius V"
"Ribeiro D",1,"Ribeiro D"
"Richards JM",1,"Richards JM"
"Richmond J",1,"Richmond J"
"Richter D",1,"Richter D"
"Ricken G",1,"Ricken G"
"Rieck K",1,"Rieck K"
"Rieckmann P",1,"Rieckmann P"
"Rieckmann T",1,"Rieckmann T"
"Riedl P",1,"Riedl P"
"Riedle S",1,"Riedle S"
"Riefke B",1,"Riefke B"
"Rieger MA",1,"Rieger MA"
"Riek-Burchardt M",1,"Riek-Burchardt M"
"Rieke DT",1,"Rieke DT"
"Rieker RJ",1,"Rieker RJ"
"Riethmüller G",1,"Riethmüller G"
"Rios Garcia M",1,"Rios Garcia M"
"Riquelme I",1,"Riquelme I"
"Risch A",1,"Risch A"
"Risinger M",1,"Risinger M"
"Ristimäki A",1,"Ristimäki A"
"Ritter CA",1,"Ritter CA"
"Rittgen W",1,"Rittgen W"
"Rivlin N",1,"Rivlin N"
"Rizvi N",1,"Rizvi N"
"Rizvi NA",1,"Rizvi NA"
"Roa JC",1,"Roa JC"
"Robberson D",1,"Robberson D"
"Robbins A",1,"Robbins A"
"Roberti MP",1,"Roberti MP"
"Robson S",1,"Robson S"
"Rocha S",1,"Rocha S"
"Rodewald AK",1,"Rodewald AK"
"Rodriguez-Barbosa JI",1,"Rodriguez-Barbosa JI"
"Rodriguez C",1,"Rodriguez C"
"Roerden M",1,"Roerden M"
"Roeren T",1,"Roeren T"
"Roessner EM",1,"Roessner EM"
"Roeyen G",1,"Roeyen G"
"Rogava M",1,"Rogava M"
"Rohm M",1,"Rohm M"
"Rohrer H",1,"Rohrer H"
"Rojas-Moraleda R",1,"Rojas-Moraleda R"
"Romano E",1,"Romano E"
"Romero P",1,"Romero P"
"Ron D",1,"Ron D"
"Ronellenfitsch MW",1,"Ronellenfitsch MW"
"Rooms I",1,"Rooms I"
"Roos F",1,"Roos F"
"Roos FC",1,"Roos FC"
"Rosenberg JE",1,"Rosenberg JE"
"Rosenthal R",1,"Rosenthal R"
"Rösgen V",1,"Rösgen V"
"Rosolowski M",1,"Rosolowski M"
"Rossello FJ",1,"Rossello FJ"
"Rossjohn J",1,"Rossjohn J"
"Roth A",1,"Roth A"
"Röth A",1,"Röth A"
"Roth P",1,"Roth P"
"Roth W",1,"Roth W"
"Rothfelder K",1,"Rothfelder K"
"Rotter B",1,"Rotter B"
"Rotter V",1,"Rotter V"
"Rotzoll D",1,"Rotzoll D"
"Rouquette I",1,"Rouquette I"
"Roy S",1,"Roy S"
"Rubbiani R",1,"Rubbiani R"
"Rubin K",1,"Rubin K"
"Rudalska R",1,"Rudalska R"
"Rudelius M",1,"Rudelius M"
"Rudin CM",1,"Rudin CM"
"Rudloff I",1,"Rudloff I"
"Rudofsky G",1,"Rudofsky G"
"Rudolph A",1,"Rudolph A"
"Ruggiero E",1,"Ruggiero E"
"Rühland S",1,"Rühland S"
"Ruisi M",1,"Ruisi M"
"Ruiz EY",1,"Ruiz EY"
"Ruland J",1,"Ruland J"
"Ruoss M",1,"Ruoss M"
"Ruotsalainen JJ",1,"Ruotsalainen JJ"
"Rusakiewicz S",1,"Rusakiewicz S"
"Russ BE",1,"Russ BE"
"Rüssel J",1,"Rüssel J"
"Rutkowska A",1,"Rutkowska A"
"Ruzicka T",1,"Ruzicka T"
"Ryan GF",1,"Ryan GF"
"Ryan M",1,"Ryan M"
"Rybin V",1,"Rybin V"
"Ryl T",1,"Ryl T"
"Rylova SN",1,"Rylova SN"
"Ryu MH",1,"Ryu MH"
"Saafan H",1,"Saafan H"
"Sabater J",1,"Sabater J"
"Saber MM",1,"Saber MM"
"Sachpekidis C",1,"Sachpekidis C"
"Sade-Feldman M",1,"Sade-Feldman M"
"Sadjadian P",1,"Sadjadian P"
"Sadovnik I",1,"Sadovnik I"
"Sadowski N",1,"Sadowski N"
"Saenz SA",1,"Saenz SA"
"Saffrich R",1,"Saffrich R"
"Sagona J",1,"Sagona J"
"Sagulenko E",1,"Sagulenko E"
"Sagulenko V",1,"Sagulenko V"
"Saini SK",1,"Saini SK"
"Saito M",1,"Saito M"
"Saito Y",1,"Saito Y"
"Sajadian SO",1,"Sajadian SO"
"Sak A",1,"Sak A"
"Sakamoto K",1,"Sakamoto K"
"Salah Z",1,"Salah Z"
"Salama R",1,"Salama R"
"Salcedo A",1,"Salcedo A"
"Saleh B",1,"Saleh B"
"Salem JE",1,"Salem JE"
"Salih HR",1,"Salih HR"
"Salomé N",1,"Salomé N"
"Samani FS",1,"Samani FS"
"Samarasinghe S",1,"Samarasinghe S"
"Sampson JH",1,"Sampson JH"
"Sanchez Aliaga E",1,"Sanchez Aliaga E"
"Sanderson MP",1,"Sanderson MP"
"Sandhu S",1,"Sandhu S"
"Sänger N",1,"Sänger N"
"Sanghvi K",1,"Sanghvi K"
"Sangro B",1,"Sangro B"
"Sangwan V",1,"Sangwan V"
"Sápi Z",1,"Sápi Z"
"Sarig R",1,"Sarig R"
"Sarin N",1,"Sarin N"
"Sarkar S",1,"Sarkar S"
"Sarkar SK",1,"Sarkar SK"
"Saruhan-Direskeneli G",1,"Saruhan-Direskeneli G"
"Sasse S",1,"Sasse S"
"Sasson A",1,"Sasson A"
"Sassoon I",1,"Sassoon I"
"Sathirachinda A",1,"Sathirachinda A"
"Sato A",1,"Sato A"
"Sauer A",1,"Sauer A"
"Sauer SW",1,"Sauer SW"
"Saunder TH",1,"Saunder TH"
"Saunders SP",1,"Saunders SP"
"Saur D",1,"Saur D"
"Sautter-Bihl ML",1,"Sautter-Bihl ML"
"Sav A",1,"Sav A"
"Savage KJ",1,"Savage KJ"
"Scarpa A",1,"Scarpa A"
"Schachter J",1,"Schachter J"
"Schad A",1,"Schad A"
"Schadendorf D; BRIM8 Investigators",1,"Schadendorf D; BRIM8 Investigators"
"Schäfer C",1,"Schäfer C"
"Schäfers S",1,"Schäfers S"
"Schafmeier T",1,"Schafmeier T"
"Scharl A",1,"Scharl A"
"Schaub FX",1,"Schaub FX"
"Schaufler W",1,"Schaufler W"
"Scheel AH",1,"Scheel AH"
"Scheffold A",1,"Scheffold A"
"Scheideler M",1,"Scheideler M"
"Schemmer P",1,"Schemmer P"
"Schenck F",1,"Schenck F"
"Schendel DJ",1,"Schendel DJ"
"Schenker M",1,"Schenker M"
"Scherneck S",1,"Scherneck S"
"Scherr AL",1,"Scherr AL"
"Scherzberg MC",1,"Scherzberg MC"
"Scheuermann K",1,"Scheuermann K"
"Schewe DM",1,"Schewe DM"
"Schiebel E",1,"Schiebel E"
"Schiemann M",1,"Schiemann M"
"Schild H",1,"Schild H"
"Schiller M",1,"Schiller M"
"Schilling R",1,"Schilling R"
"Schimanski CC",1,"Schimanski CC"
"Schindlbeck C",1,"Schindlbeck C"
"Schirmer U",1,"Schirmer U"
"Schledzewski K",1,"Schledzewski K"
"Schleimer D",1,"Schleimer D"
"Schlenker R",1,"Schlenker R"
"Schlößer HA",1,"Schlößer HA"
"Schlott F",1,"Schlott F"
"Schlüter M",1,"Schlüter M"
"Schmid-Bindert G",1,"Schmid-Bindert G"
"Schmid-Tannwald C",1,"Schmid-Tannwald C"
"Schmid KW",1,"Schmid KW"
"Schmid RM",1,"Schmid RM"
"Schmidt-Hegemann NS",1,"Schmidt-Hegemann NS"
"Schmidt MK",1,"Schmidt MK"
"Schmidt T",1,"Schmidt T"
"Schmiedel BJ",1,"Schmiedel BJ"
"Schmieder A",1,"Schmieder A"
"Schmitz S",1,"Schmitz S"
"Schnappinger J",1,"Schnappinger J"
"Schneider AT",1,"Schneider AT"
"Schneider C",1,"Schneider C"
"Schneider M",1,"Schneider M"
"Schneider P",1,"Schneider P"
"Schneider S",1,"Schneider S"
"Schneller F 3rd",1,"Schneller F 3rd"
"Schnorfeil FM",1,"Schnorfeil FM"
"Schoeffmann S",1,"Schoeffmann S"
"Schoemaker M",1,"Schoemaker M"
"Scholz A",1,"Scholz A"
"Schönbeck K",1,"Schönbeck K"
"Schöni-Affolter F",1,"Schöni-Affolter F"
"Schöning T",1,"Schöning T"
"Schoors S",1,"Schoors S"
"Schorb E",1,"Schorb E"
"Schostak M",1,"Schostak M"
"Schreibelt G",1,"Schreibelt G"
"Schröder C",1,"Schröder C"
"Schroeder C",1,"Schroeder C"
"Schrörs B",1,"Schrörs B"
"Schubert-Zsilavecz M",1,"Schubert-Zsilavecz M"
"Schulte J",1,"Schulte J"
"Schultz ES",1,"Schultz ES"
"Schulz WA",1,"Schulz WA"
"Schulze-Bergkamen H",1,"Schulze-Bergkamen H"
"Schumacher CE",1,"Schumacher CE"
"Schumann C",1,"Schumann C"
"Schüring MP",1,"Schüring MP"
"Schüßler-Lenz M",1,"Schüßler-Lenz M"
"Schutte M",1,"Schutte M"
"Schwager-Schmitt M",1,"Schwager-Schmitt M"
"Schwaiger M",1,"Schwaiger M"
"Schwartz-Albiez R",1,"Schwartz-Albiez R"
"Schwartz C",1,"Schwartz C"
"Schwarzbich MA",1,"Schwarzbich MA"
"Schweiger MR",1,"Schweiger MR"
"Schweizer A",1,"Schweizer A"
"Schweizer PA",1,"Schweizer PA"
"Schwermer M",1,"Schwermer M"
"Scolyer RA",1,"Scolyer RA"
"Scott EM",1,"Scott EM"
"Scott FE",1,"Scott FE"
"Sebastian M",1,"Sebastian M"
"Secq V",1,"Secq V"
"Sedlacek P",1,"Sedlacek P"
"Seehawer M",1,"Seehawer M"
"Seemann C",1,"Seemann C"
"Seidel MG",1,"Seidel MG"
"Seifert M",1,"Seifert M"
"Seiffert M",1,"Seiffert M"
"Seiwert TY",1,"Seiwert TY"
"Sekar D",1,"Sekar D"
"Sellmer A",1,"Sellmer A"
"Selt F",1,"Selt F"
"Selvaggi G",1,"Selvaggi G"
"Senaldi G",1,"Senaldi G"
"Sendl A",1,"Sendl A"
"Senft C",1,"Senft C"
"Senovilla L",1,"Senovilla L"
"Serrano T",1,"Serrano T"
"Sertel S",1,"Sertel S"
"Shafi S",1,"Shafi S"
"Shah H",1,"Shah H"
"Shannan B",1,"Shannan B"
"Shao C",1,"Shao C"
"Sharapova SO",1,"Sharapova SO"
"Sharbi-Yunger A",1,"Sharbi-Yunger A"
"Sharma AK",1,"Sharma AK"
"Sharma P",1,"Sharma P"
"Shaw JW",1,"Shaw JW"
"Shebaby WN",1,"Shebaby WN"
"Shetty S",1,"Shetty S"
"Shetzer Y",1,"Shetzer Y"
"Shevchenko I",1,"Shevchenko I"
"Shimabukuro-Vornhagen A",1,"Shimabukuro-Vornhagen A"
"Shiraishi K",1,"Shiraishi K"
"Shoushtari AN",1,"Shoushtari AN"
"Shridhar N",1,"Shridhar N"
"Shu X",1,"Shu X"
"Si X",1,"Si X"
"Siebert S",1,"Siebert S"
"Siepmann T",1,"Siepmann T"
"Sieri S",1,"Sieri S"
"Sievers A",1,"Sievers A"
"Sillevis Smitt P",1,"Sillevis Smitt P"
"Sim JC",1,"Sim JC"
"Simeone E",1,"Simeone E"
"Simmons B",1,"Simmons B"
"Simon-Keller K",1,"Simon-Keller K"
"Simon C",1,"Simon C"
"Sipos B",1,"Sipos B"
"Sirait-Fischer E",1,"Sirait-Fischer E"
"Sisombath S",1,"Sisombath S"
"Sittig SP",1,"Sittig SP"
"Sköld AE",1,"Sköld AE"
"Sleeman JP",1,"Sleeman JP"
"Slobodin B",1,"Slobodin B"
"Smil D",1,"Smil D"
"Smit E",1,"Smit E"
"Smit EF",1,"Smit EF"
"Smith KR",1,"Smith KR"
"Smith MA",1,"Smith MA"
"Smits EL",1,"Smits EL"
"Smits ELJ",1,"Smits ELJ"
"Smyth GK",1,"Smyth GK"
"Snow H",1,"Snow H"
"Snyder A",1,"Snyder A"
"Socie G",1,"Socie G"
"Söderberg EMV",1,"Söderberg EMV"
"Sodré AL",1,"Sodré AL"
"Soerensen N",1,"Soerensen N"
"Sohn C",1,"Sohn C"
"Soller K",1,"Soller K"
"Somarribas Patterson LF",1,"Somarribas Patterson LF"
"Sombroek D",1,"Sombroek D"
"Sonnemann J",1,"Sonnemann J"
"Sonner JK",1,"Sonner JK"
"Sonntag R",1,"Sonntag R"
"Sordet-Dessimoz J",1,"Sordet-Dessimoz J"
"Sorrentino A",1,"Sorrentino A"
"Sotlar K",1,"Sotlar K"
"Southey MC",1,"Southey MC"
"Spänkuch B",1,"Spänkuch B"
"Sparbier CE",1,"Sparbier CE"
"Specht K",1,"Specht K"
"Speck T",1,"Speck T"
"Spencer K",1,"Spencer K"
"Sperr WR",1,"Sperr WR"
"Spiekermann K",1,"Spiekermann K"
"Spigel D",1,"Spigel D"
"Spigel DR",1,"Spigel DR"
"Spilgies LM",1,"Spilgies LM"
"Spiliopoulou P",1,"Spiliopoulou P"
"Spitkovsky D",1,"Spitkovsky D"
"Sproesser K",1,"Sproesser K"
"Sprüssel A",1,"Sprüssel A"
"Srinivasan A",1,"Srinivasan A"
"Srivastava A",1,"Srivastava A"
"Stade B",1,"Stade B"
"Stadelmeyer E",1,"Stadelmeyer E"
"Staehelin C",1,"Staehelin C"
"Staffer S",1,"Staffer S"
"Stambrook P",1,"Stambrook P"
"Stangl S",1,"Stangl S"
"Stanley K",1,"Stanley K"
"Stanzer S",1,"Stanzer S"
"Stark H",1,"Stark H"
"Staudacher I",1,"Staudacher I"
"Staudacher K",1,"Staudacher K"
"Steadman M",1,"Steadman M"
"Steffens S",1,"Steffens S"
"Stefos T",1,"Stefos T"
"Stegmüller M",1,"Stegmüller M"
"Steidle S",1,"Steidle S"
"Steigemann P",1,"Steigemann P"
"Stein A",1,"Stein A"
"Stein I",1,"Stein I"
"Stein J",1,"Stein J"
"Stein S",1,"Stein S"
"Steinbach JP",1,"Steinbach JP"
"Steiner HH",1,"Steiner HH"
"Steinhilber D",1,"Steinhilber D"
"Stelzer EH",1,"Stelzer EH"
"Stemmler HJ",1,"Stemmler HJ"
"Stepensky P",1,"Stepensky P"
"Stephan H",1,"Stephan H"
"Stief CG",1,"Stief CG"
"Stiegelbauer V",1,"Stiegelbauer V"
"Stockklausner C",1,"Stockklausner C"
"Stögbauer F",1,"Stögbauer F"
"Stojanovic N",1,"Stojanovic N"
"Stolzenberg-Solomon R",1,"Stolzenberg-Solomon R"
"Stope MB",1,"Stope MB"
"Storch K",1,"Storch K"
"Stoy C",1,"Stoy C"
"Straub M",1,"Straub M"
"Streit B",1,"Streit B"
"Stricker SH",1,"Stricker SH"
"Stripecke R",1,"Stripecke R"
"Strnad P",1,"Strnad P"
"Stroebel P",1,"Stroebel P"
"Ströter N",1,"Ströter N"
"Strowitzki T",1,"Strowitzki T"
"Strzoda D",1,"Strzoda D"
"Stulnig TM",1,"Stulnig TM"
"Stupp R",1,"Stupp R"
"Sturm D",1,"Sturm D"
"Sturm R",1,"Sturm R"
"Stuschke M",1,"Stuschke M"
"Su S",1,"Su S"
"Su SL",1,"Su SL"
"Suarez-Carmona M",1,"Suarez-Carmona M"
"Sulem P",1,"Sulem P"
"Sullivan RJ",1,"Sullivan RJ"
"Sun W",1,"Sun W"
"Sunami Y",1,"Sunami Y"
"Sundaram A",1,"Sundaram A"
"Sundarasetty BS",1,"Sundarasetty BS"
"Sundin M",1,"Sundin M"
"Sutter C",1,"Sutter C"
"Sutton R",1,"Sutton R"
"Swerdlow A",1,"Swerdlow A"
"Syrigos K",1,"Syrigos K"
"Szczepanski S",1,"Szczepanski S"
"Szendrõi M",1,"Szendrõi M"
"Szustakowski JD",1,"Szustakowski JD"
"Szymborska A",1,"Szymborska A"
"Tabaee A",1,"Tabaee A"
"Tacke F",1,"Tacke F"
"Tagliaferri L",1,"Tagliaferri L"
"Tagscherer KE",1,"Tagscherer KE"
"Tahir S",1,"Tahir S"
"Tai L",1,"Tai L"
"Taieb J",1,"Taieb J"
"Tait Wojno ED",1,"Tait Wojno ED"
"Takeuchi S",1,"Takeuchi S"
"Taleb RI",1,"Taleb RI"
"Tamjid B",1,"Tamjid B"
"Tan XL",1,"Tan XL"
"Tang H",1,"Tang H"
"Tapia-Laliena MA",1,"Tapia-Laliena MA"
"Taubert H",1,"Taubert H"
"Tavor S",1,"Tavor S"
"Taylor F",1,"Taylor F"
"Taylor MD",1,"Taylor MD"
"Temme A",1,"Temme A"
"Teo ZL",1,"Teo ZL"
"Ternès N",1,"Ternès N"
"Terng HJ",1,"Terng HJ"
"Terracciano L",1,"Terracciano L"
"Terziev D",1,"Terziev D"
"Tesar M",1,"Tesar M"
"Teschendorff AE",1,"Teschendorff AE"
"Thaler S",1,"Thaler S"
"Thalheimer FB",1,"Thalheimer FB"
"Thebeau M",1,"Thebeau M"
"Theißen J",1,"Theißen J"
"Thierauf J",1,"Thierauf J"
"Thomas D",1,"Thomas D"
"Thomas de Montpréville V",1,"Thomas de Montpréville V"
"Thommet A",1,"Thommet A"
"Thompson JA",1,"Thompson JA"
"Thor T",1,"Thor T"
"Thorleifsson G",1,"Thorleifsson G"
"Thrasher A",1,"Thrasher A"
"Thurecht KJ",1,"Thurecht KJ"
"Thürmann L",1,"Thürmann L"
"Thurner L",1,"Thurner L"
"Tiedje V",1,"Tiedje V"
"Timmermann B",1,"Timmermann B"
"Timofeeva MN",1,"Timofeeva MN"
"Tischkowitz M",1,"Tischkowitz M"
"Tjønneland A",1,"Tjønneland A"
"Tomicic MT",1,"Tomicic MT"
"Tomimatsu K",1,"Tomimatsu K"
"Tomoshige K",1,"Tomoshige K"
"Tönnesmann R",1,"Tönnesmann R"
"Torensma R",1,"Torensma R"
"Torres A",1,"Torres A"
"Tosev G",1,"Tosev G"
"Toth R",1,"Toth R"
"Tran SV",1,"Tran SV"
"Trapani J",1,"Trapani J"
"Trapani JA",1,"Trapani JA"
"Trautwein C",1,"Trautwein C"
"Tredan O",1,"Tredan O"
"Trefz G",1,"Trefz G"
"Treiber N",1,"Treiber N"
"Trendelenburg M",1,"Trendelenburg M"
"Trichopoulou A",1,"Trichopoulou A"
"Trinh T",1,"Trinh T"
"Tripura C",1,"Tripura C"
"Troost EGC",1,"Troost EGC"
"Trout JR",1,"Trout JR"
"Trump S",1,"Trump S"
"Tsai MH",1,"Tsai MH"
"Tsaur I; Fachgruppe Molekulare Urologie der Arbeitsgruppe urologische Forschung (AuF) der Deutschen Gesellschaft für Urologie",1,"Tsaur I; Fachgruppe Molekulare Urologie der Arbeitsgruppe urologische Forschung (AuF) der Deutschen Gesellschaft für Urologie"
"Tschaika M",1,"Tschaika M"
"Tsimiklis H",1,"Tsimiklis H"
"Tsuchiya T",1,"Tsuchiya T"
"Tsukasaki K",1,"Tsukasaki K"
"Tsuta K",1,"Tsuta K"
"Tumino R",1,"Tumino R"
"Turkki R",1,"Turkki R"
"Tüting T",1,"Tüting T"
"Tutuka C",1,"Tutuka C"
"Tykodi SS",1,"Tykodi SS"
"Tyler D",1,"Tyler D"
"Tyler DS",1,"Tyler DS"
"Tyner JW",1,"Tyner JW"
"Tyrer J",1,"Tyrer J"
"Tzehoval E",1,"Tzehoval E"
"Uchida S",1,"Uchida S"
"Uckert W",1,"Uckert W"
"Uharek L",1,"Uharek L"
"Uhlig S",1,"Uhlig S"
"Ülgen E",1,"Ülgen E"
"Ullmann AJ",1,"Ullmann AJ"
"Ulrich-Rückert S",1,"Ulrich-Rückert S"
"Ulrich C",1,"Ulrich C"
"Ulrich J",1,"Ulrich J"
"Urbanik T",1,"Urbanik T"
"v Hagens C",1,"v Hagens C"
"Vacchelli E",1,"Vacchelli E"
"Vagnarelli P",1,"Vagnarelli P"
"Vähä-Koskela M",1,"Vähä-Koskela M"
"Valbuena JR",1,"Valbuena JR"
"Valent P",1,"Valent P"
"Valesky EM",1,"Valesky EM"
"Valls AF",1,"Valls AF"
"Valous NA",1,"Valous NA"
"van Akkooi ACJ",1,"van Akkooi ACJ"
"Van Akkooi ACJ",1,"Van Akkooi ACJ"
"Van Audenaerde JRM",1,"Van Audenaerde JRM"
"Van Cutsem E",1,"Van Cutsem E"
"van den Bent MJ",1,"van den Bent MJ"
"Van den Bergh JMJ",1,"Van den Bergh JMJ"
"Van den Eynden G",1,"Van den Eynden G"
"van den Ouweland A",1,"van den Ouweland A"
"van der Duin D",1,"van der Duin D"
"van der Sluis TC",1,"van der Sluis TC"
"Van Dijk J",1,"Van Dijk J"
"van Hien R",1,"van Hien R"
"van Linde ME",1,"van Linde ME"
"Van Loenhout J",1,"Van Loenhout J"
"van Maerken T",1,"van Maerken T"
"van Rensburg EJ",1,"van Rensburg EJ"
"Van Rooijen N",1,"Van Rooijen N"
"van Schooten FJ",1,"van Schooten FJ"
"Van Valckenborgh E",1,"Van Valckenborgh E"
"van Zandwijk N",1,"van Zandwijk N"
"Vanderkerken K",1,"Vanderkerken K"
"Vappiani J",1,"Vappiani J"
"Vasilikos L",1,"Vasilikos L"
"Vassilev L",1,"Vassilev L"
"Vassiliou GS",1,"Vassiliou GS"
"Vatter S",1,"Vatter S"
"Vaz B",1,"Vaz B"
"Vazquez-Curiel A",1,"Vazquez-Curiel A"
"Veckman V",1,"Veckman V"
"Vegiopoulos A",1,"Vegiopoulos A"
"Vehlow A",1,"Vehlow A"
"Veinalde R",1,"Veinalde R"
"Veit JA",1,"Veit JA"
"Veldhuijzen van Zanten SE",1,"Veldhuijzen van Zanten SE"
"Veldwijk MR",1,"Veldwijk MR"
"Vella LJ",1,"Vella LJ"
"Veness M",1,"Veness M"
"Veninga V",1,"Veninga V"
"Venkataraman S",1,"Venkataraman S"
"Venn NC",1,"Venn NC"
"Venur VA",1,"Venur VA"
"Verbeek M",1,"Verbeek M"
"Verhoef S",1,"Verhoef S"
"Vering A",1,"Vering A"
"Vibhakar R",1,"Vibhakar R"
"Vick B",1,"Vick B"
"Vigano S",1,"Vigano S"
"Viñolas Segarra N",1,"Viñolas Segarra N"
"Vitacolonna M",1,"Vitacolonna M"
"Vitazka P",1,"Vitazka P"
"Vockel A",1,"Vockel A"
"Vogel A",1,"Vogel A"
"Vogel M",1,"Vogel M"
"Voit R",1,"Voit R"
"Vokes E",1,"Vokes E"
"Völkl A",1,"Völkl A"
"Volkmann M",1,"Volkmann M"
"Vollert G",1,"Vollert G"
"Volm M",1,"Volm M"
"von Ameln S",1,"von Ameln S"
"von Bergwelt-Baildon MS",1,"von Bergwelt-Baildon MS"
"von Bubnoff D",1,"von Bubnoff D"
"von Bueren AO",1,"von Bueren AO"
"von Euler M",1,"von Euler M"
"von Fournier D",1,"von Fournier D"
"von Hoff K",1,"von Hoff K"
"von Ilberg C",1,"von Ilberg C"
"von Landenberg A",1,"von Landenberg A"
"von Winterfeld M",1,"von Winterfeld M"
"Vos M",1,"Vos M"
"Voskoboinik I",1,"Voskoboinik I"
"Vrekoussis T",1,"Vrekoussis T"
"Vucur M",1,"Vucur M"
"Vultur A",1,"Vultur A"
"Wach S",1,"Wach S"
"Wagner AD",1,"Wagner AD"
"Wagner AJ",1,"Wagner AJ"
"Wagner E",1,"Wagner E"
"Wagner S",1,"Wagner S"
"Wagner T",1,"Wagner T"
"Wagner TO",1,"Wagner TO"
"Wahle C",1,"Wahle C"
"Waidmann O",1,"Waidmann O"
"Waisfisz Q",1,"Waisfisz Q"
"Walker D",1,"Walker D"
"Walle T",1,"Walle T"
"Wallwiener D",1,"Wallwiener D"
"Walsh R",1,"Walsh R"
"Walter CB",1,"Walter CB"
"Walter D",1,"Walter D"
"Walter V",1,"Walter V"
"Wang DY",1,"Wang DY"
"Wang M",1,"Wang M"
"Wang S",1,"Wang S"
"Wang Y",1,"Wang Y"
"Wang Z",1,"Wang Z"
"Wannhoff A",1,"Wannhoff A"
"Waring P",1,"Waring P"
"Wartewig T",1,"Wartewig T"
"Watanabe SI",1,"Watanabe SI"
"Watkins DN",1,"Watkins DN"
"Watkins TB",1,"Watkins TB"
"Watters A",1,"Watters A"
"Watzl C",1,"Watzl C"
"Weber A",1,"Weber A"
"Weber H",1,"Weber H"
"Weber J",1,"Weber J"
"Weber JP",1,"Weber JP"
"Weber KJ",1,"Weber KJ"
"Weber R",1,"Weber R"
"Weber RP",1,"Weber RP"
"Weber T",1,"Weber T"
"Weber TF",1,"Weber TF"
"Weckauf H",1,"Weckauf H"
"Weekes MP",1,"Weekes MP"
"Weenink B",1,"Weenink B"
"Wehler T",1,"Wehler T"
"Wehner S",1,"Wehner S"
"Wei Y",1,"Wei Y"
"Weichenhan D",1,"Weichenhan D"
"Wein F",1,"Wein F"
"Weinstein A",1,"Weinstein A"
"Weis CA",1,"Weis CA"
"Weiser C",1,"Weiser C"
"Weiss KH",1,"Weiss KH"
"Weiß LM",1,"Weiß LM"
"Weissinger EM",1,"Weissinger EM"
"Weissinger SE",1,"Weissinger SE"
"Wellaway CR",1,"Wellaway CR"
"Welling TH Rd",1,"Welling TH Rd"
"Welt S",1,"Welt S"
"Welte S",1,"Welte S"
"Welz S",1,"Welz S"
"Wendler S",1,"Wendler S"
"Weng CF",1,"Weng CF"
"Weniger M",1,"Weniger M"
"Weniger MA",1,"Weniger MA"
"Wente MN",1,"Wente MN"
"Wenzel C",1,"Wenzel C"
"Werner I",1,"Werner I"
"Werner J",1,"Werner J"
"Werner T",1,"Werner T"
"Westwood JA",1,"Westwood JA"
"Wetter A",1,"Wetter A"
"Wetter T",1,"Wetter T"
"Wheeler W",1,"Wheeler W"
"Whisstock JC",1,"Whisstock JC"
"Wichmann HE",1,"Wichmann HE"
"Wicht J",1,"Wicht J"
"Wickenhauser C",1,"Wickenhauser C"
"Widhalm G",1,"Widhalm G"
"Wiebe K",1,"Wiebe K"
"Wieczorek M",1,"Wieczorek M"
"Wiedemann M",1,"Wiedemann M"
"Wieland U",1,"Wieland U"
"Wienert S",1,"Wienert S"
"Wiesel M",1,"Wiesel M"
"Wiestler B",1,"Wiestler B"
"Wikman H",1,"Wikman H"
"Wilcox S",1,"Wilcox S"
"Wilde S",1,"Wilde S"
"Wilhelm C",1,"Wilhelm C"
"Wilhelm K",1,"Wilhelm K"
"Willcox N",1,"Willcox N"
"Williams DS",1,"Williams DS"
"Williamson JC",1,"Williamson JC"
"Willimsky G",1,"Willimsky G"
"Wilson G",1,"Wilson G"
"Wilson GA",1,"Wilson GA"
"Wilson MA",1,"Wilson MA"
"Wimberger P",1,"Wimberger P"
"Wingenfeld E",1,"Wingenfeld E"
"Wingert S",1,"Wingert S"
"Wink M",1,"Wink M"
"Winkelmann R",1,"Winkelmann R"
"Winkler F",1,"Winkler F"
"Winqvist R",1,"Winqvist R"
"Winter C",1,"Winter C"
"Winter M",1,"Winter M"
"Wirtz CR",1,"Wirtz CR"
"Wischhusen J",1,"Wischhusen J"
"Wissel S",1,"Wissel S"
"Wittersheim M",1,"Wittersheim M"
"Wittmann U",1,"Wittmann U"
"Witzel I",1,"Witzel I"
"Wöhrer A",1,"Wöhrer A"
"Wolchok J",1,"Wolchok J"
"Wolf D",1,"Wolf D"
"Wolf HH",1,"Wolf HH"
"Wolf S",1,"Wolf S"
"Wölfel C",1,"Wölfel C"
"Wölfel T",1,"Wölfel T"
"Wolfensberger A",1,"Wolfensberger A"
"Wolff KD",1,"Wolff KD"
"Wolfrum C",1,"Wolfrum C"
"Wolniak KL",1,"Wolniak KL"
"Wolodarski M",1,"Wolodarski M"
"Wong WW",1,"Wong WW"
"Woods DM",1,"Woods DM"
"Worst TS",1,"Worst TS"
"Worth A",1,"Worth A"
"Woschek M",1,"Woschek M"
"Wu CF",1,"Wu CF"
"Wu CJ",1,"Wu CJ"
"Wu YL",1,"Wu YL"
"Wubbenhorst B",1,"Wubbenhorst B"
"Wuchter P",1,"Wuchter P"
"Wuestefeld T",1,"Wuestefeld T"
"Wullich B",1,"Wullich B"
"Wyrwicz L",1,"Wyrwicz L"
"Wysocki M",1,"Wysocki M"
"Xiao M",1,"Xiao M"
"Xiao Y",1,"Xiao Y"
"Xie J",1,"Xie J"
"Xie R",1,"Xie R"
"Xiong H",1,"Xiong H"
"Xu W",1,"Xu W"
"Xu X",1,"Xu X"
"Xu Y",1,"Xu Y"
"Yadav N",1,"Yadav N"
"Yakicier MC",1,"Yakicier MC"
"Yamashita YM",1,"Yamashita YM"
"Yan Y",1,"Yan Y"
"Yao CT",1,"Yao CT"
"Yaprianto K",1,"Yaprianto K"
"Yau T",1,"Yau T"
"Ye C",1,"Ye C"
"Yeo W",1,"Yeo W"
"Yerbes R",1,"Yerbes R"
"Yerneni S",1,"Yerneni S"
"Yevsa T",1,"Yevsa T"
"Yildirim M",1,"Yildirim M"
"Yin X",1,"Yin X"
"Yokota J",1,"Yokota J"
"Yoshikawa T",1,"Yoshikawa T"
"Yoshimoto Y",1,"Yoshimoto Y"
"Youns M",1,"Youns M"
"Yu Y",1,"Yu Y"
"Yuan J",1,"Yuan J"
"Yudanin NA",1,"Yudanin NA"
"Yüksel S",1,"Yüksel S"
"Yusufi N",1,"Yusufi N"
"Zacher M",1,"Zacher M"
"Zaharieva MM",1,"Zaharieva MM"
"Zapparoli GV",1,"Zapparoli GV"
"Zastrow S",1,"Zastrow S"
"Zatsepina O",1,"Zatsepina O"
"Zecca M",1,"Zecca M"
"Zeeneldin AA",1,"Zeeneldin AA"
"Zehner R",1,"Zehner R"
"Zeier M",1,"Zeier M"
"Zeimet AG",1,"Zeimet AG"
"Zeiner PS",1,"Zeiner PS"
"Zeller J",1,"Zeller J"
"Zeng K",1,"Zeng K"
"Zeuzem S",1,"Zeuzem S"
"Zeyda M",1,"Zeyda M"
"Zhan Q",1,"Zhan Q"
"Zhang G",1,"Zhang G"
"Zhang X",1,"Zhang X"
"Zhang Z",1,"Zhang Z"
"Zhao S",1,"Zhao S"
"Zhao Z",1,"Zhao Z"
"Zheng Y",1,"Zheng Y"
"Zhou C",1,"Zhou C"
"Zhou P",1,"Zhou P"
"Zhu D",1,"Zhu D"
"Zhu J",1,"Zhu J"
"Zidan A",1,"Zidan A"
"Ziegelmeier C",1,"Ziegelmeier C"
"Ziegler R",1,"Ziegler R"
"Zielinski CC",1,"Zielinski CC"
"Ziemer M",1,"Ziemer M"
"Zimmermann B",1,"Zimmermann B"
"Zink S",1,"Zink S"
"Zinke J",1,"Zinke J"
"Zips D",1,"Zips D"
"Zitvogel L",1,"Zitvogel L"
"Zivkovic A",1,"Zivkovic A"
"Zoeller N",1,"Zoeller N"
"Zoernig I",1,"Zoernig I"
"Zogopoulos G",1,"Zogopoulos G"
"Zöller J",1,"Zöller J"
"Zong X",1,"Zong X"
"Zota A",1,"Zota A"
"Zuber J",1,"Zuber J"
"Zugmaier G",1,"Zugmaier G"
"Zur Mühlen A",1,"Zur Mühlen A"
"Zweit J",1,"Zweit J"
"Zwiener I",1,"Zwiener I"
"Zwingers T",1,"Zwingers T"
